Temperature,Humidity,Wind Speed,Precipitation (%),Atmospheric Pressure,UV Index,Visibility (km),Weather Type
14,73,9.5,82,1010.82,2,3.5,Rainy
39,96,8.5,71,1011.43,7,10,Cloudy
30,64,7,16,1018.72,5,5.5,Sunny
38,83,1.5,82,1026.25,7,1,Sunny
27,74,17,66,990.67,1,2.5,Rainy
32,55,3.5,26,1010.03,2,5,Cloudy
-2,97,8,86,990.87,1,4,Snowy
3,85,6,96,984.46,1,3.5,Snowy
3,83,6,66,999.44,0,1,Snowy
28,74,8.5,107,1012.13,8,7.5,Sunny
35,45,6,86,879.88,2,1,Cloudy
38,43,2,16,1029.16,11,7.5,Sunny
12,59,10.5,25,1016.08,3,5.5,Cloudy
-10,87,15,67,986.19,0,1.5,Snowy
24,21,3.5,8,1018.88,8,5.5,Sunny
10,50,6.5,46,1000.44,2,8.5,Cloudy
30,27,7,13,1016.38,5,7.5,Sunny
33,51,0.5,27,1009.18,3,5.5,Cloudy
43,46,0.5,15,1025.8,9,6,Sunny
13,102,12,72,1012.25,4,8,Sunny
-10,67,8.5,75,991.53,1,3,Snowy
-7,88,12.5,98,980.31,1,3,Snowy
33,36,7.5,18,1014.29,8,9.5,Sunny
26,73,13.5,29,1012.02,1,9,Cloudy
38,83,7,101,1017.94,4,8.5,Cloudy
4,79,1,85,982.53,1,4.5,Snowy
17,72,7.5,62,1010.16,2,3,Rainy
40,57,4,12,1020.73,11,9.5,Sunny
24,61,6.5,3,1018.15,7,5.5,Sunny
30,70,16,54,1007.75,0,3,Rainy
28,85,7,97,991.07,1,2,Rainy
2,61,16.5,63,995.74,0,1,Snowy
4,95,2.5,56,984.63,1,4.5,Snowy
15,97,23,91,1009.36,13,2.5,Rainy
29,69,3,15,1012.09,10,5.5,Sunny
35,21,10,6,1026.81,5,7.5,Sunny
11,90,25.5,76,996.17,0,1,Rainy
2,105,19,109,991.68,7,3.5,Snowy
-9,49,1.5,58,1132.2,8,16.5,Snowy
27,64,11.5,37,1017.27,3,8,Cloudy
32,37,0.5,9,1013.99,11,8.5,Sunny
36,22,1,0,1028.63,10,5.5,Sunny
28,54,15,39,1018.86,3,8.5,Cloudy
42,64,2,18,1028.55,8,8,Sunny
21,43,10,11,1019.41,11,6,Sunny
22,50,0,18,1016.5,5,8,Sunny
33,66,9,18,1014.34,3,6,Cloudy
26,25,2.5,14,1010.34,8,5,Sunny
26,91,9.5,82,1019.42,3,4,Rainy
-2,98,18.5,86,981.26,0,3.5,Snowy
17,90,11,98,1017.49,3,4,Rainy
25,55,8.5,37,1014.49,4,7.5,Cloudy
-4,96,20,88,990.72,1,4.5,Snowy
-1,87,14,78,984.11,0,4,Snowy
-5,94,5.5,55,991.65,0,3,Snowy
22,95,13,90,997.97,3,2.5,Rainy
41,85,9,101,1017.89,3,7.5,Cloudy
33,41,0,4,1018.56,7,9.5,Sunny
31,70,0.5,69,1074.07,3,12.5,Sunny
16,84,18.5,54,996.12,0,3,Rainy
10,64,14,18,1011.96,1,8.5,Cloudy
29,63,6,68,992.45,0,3,Rainy
15,55,1.5,32,1009.01,2,5.5,Cloudy
3,75,46.5,87,996.85,5,4.5,Snowy
24,52,9,29,1007.84,1,8,Cloudy
25,85,9,67,995.4,1,2,Rainy
25,89,1.5,87,1017.16,11,6.5,Sunny
24,47,8,17,1025.22,5,6,Sunny
2,97,2,89,993.14,0,3,Snowy
21,54,3,17,1026.15,7,8,Sunny
2,81,13.5,57,983.36,1,4,Snowy
21,75,3.5,41,1017.74,2,8,Cloudy
11,52,6,97,1063.39,7,12.5,Snowy
31,62,6.5,84,1013.61,0,4.5,Rainy
33,31,6.5,18,1022.53,7,8.5,Sunny
34,47,5,4,1027.53,9,10,Sunny
21,66,13.5,29,1018.98,3,8.5,Cloudy
28,68,18,90,992.83,3,5,Rainy
33,62,10,83,1009.48,1,3.5,Rainy
25,96,6,90,1006.67,0,4.5,Rainy
27,73,9.5,47,1017.82,1,7,Cloudy
49,75,11.5,82,1029.09,10,7,Sunny
-5,73,12,63,983.83,1,4.5,Snowy
31,62,5.5,99,1019.92,0,4.5,Rainy
2,91,6.5,92,999.46,0,2.5,Snowy
32,35,2.5,63,1160.48,2,0,Sunny
-7,78,10,96,999.99,7,1,Snowy
27,43,1,8,1022.48,9,9,Sunny
12,56,9.5,19,1014.4,4,6.5,Cloudy
-7,93,9,60,995.63,1,4,Snowy
15,81,28.5,71,1008,4,6,Cloudy
30,64,6,67,1009.12,3,4,Rainy
19,93,14.5,57,1018.44,0,4,Rainy
14,44,9,11,853.01,14,3.5,Rainy
32,38,11,15,824.71,9,12.5,Snowy
17,88,18,83,1026.94,0,5.5,Sunny
23,88,11.5,65,1000.74,1,5,Rainy
28,35,9.5,0,1023.62,9,10,Sunny
-4,87,5,54,981.02,1,4.5,Snowy
31,72,17,96,1013.85,13,3.5,Cloudy
40,66,8,5,1019.82,5,5.5,Sunny
20,24,3,6,1013.68,9,6.5,Sunny
-7,61,2.5,99,994.34,1,2.5,Snowy
-3,82,0,65,991.66,0,1.5,Snowy
22,65,6,14,1010.17,8,7,Sunny
33,79,4.5,43,1007.94,1,7,Cloudy
29,47,8.5,2,1027.33,11,5.5,Sunny
13,80,15.5,59,1012.06,0,3.5,Rainy
27,39,5,16,1021.61,5,5,Sunny
38,75,0.5,79,1057.69,0,10,Rainy
20,48,9.5,6,1015.16,6,8.5,Sunny
19,82,7,85,1008.5,1,3.5,Rainy
18,70,5,94,1012.87,2,3.5,Rainy
18,60,12.5,42,822.66,2,17.5,Rainy
2,80,13.5,79,995.74,1,1.5,Snowy
1,81,9.5,63,983.99,1,3.5,Snowy
22,69,1,19,1011.5,2,6,Cloudy
-10,70,2.5,56,989.29,1,4,Snowy
32,61,5.5,53,995.09,2,4,Rainy
41,29,8,17,1011.53,11,10,Sunny
-1,99,2.5,72,998.51,0,2,Snowy
31,65,1.5,18,1008.47,2,9,Cloudy
19,62,1,14,1016.5,2,5.5,Cloudy
-3,92,28,99,987.7,1,4.5,Snowy
-1,83,18,73,983.46,0,1.5,Snowy
3,70,2,81,984.9,1,2,Snowy
0,64,4.5,52,984.59,1,1,Snowy
26,76,9,68,1004.27,3,3.5,Rainy
22,92,19.5,81,1017.76,0,4.5,Rainy
20,96,14,94,997.77,0,4.5,Rainy
23,52,1,36,1017.92,1,8.5,Cloudy
3,81,2.5,89,992.78,1,2,Snowy
20,95,16,91,1016.14,0,2.5,Rainy
-2,91,2.5,83,982.21,1,4,Snowy
29,77,0.5,91,934.49,14,17,Sunny
2,77,6.5,75,998,0,3,Snowy
16,67,6.5,45,1008.69,2,5.5,Cloudy
46,94,4,90,1022.88,10,12.5,Sunny
-2,92,1,71,998.01,1,1.5,Snowy
20,50,6.5,21,1013.93,4,6,Cloudy
0,64,10.5,78,994.62,0,3,Snowy
22,48,6,15,1020,5,9.5,Sunny
29,50,5.5,13,1002.04,4,8,Cloudy
4,77,13,76,983.25,1,2.5,Snowy
40,39,9.5,15,1029.84,8,8,Sunny
-3,60,8,94,981.56,1,3,Snowy
33,25,4,3,1027.6,11,6.5,Sunny
31,87,11,54,995.87,0,3.5,Rainy
41,72,2.5,26,973.08,6,8.5,Rainy
33,77,1,22,1018.78,4,8.5,Cloudy
-5,68,0.5,96,992.19,1,1.5,Snowy
-9,90,1.5,97,999.08,1,4.5,Snowy
1,89,7.5,76,982.22,1,4.5,Snowy
13,62,14,13,1003.74,1,9,Cloudy
13,75,9.5,40,1005.39,2,8,Cloudy
15,105,7.5,75,1006.45,10,4,Cloudy
31,86,13.5,78,999.25,3,4,Rainy
26,60,11.5,50,995.67,3,3.5,Rainy
44,25,1,6,1016.02,10,5.5,Sunny
28,93,12.5,50,997.24,0,5,Rainy
18,88,15.5,88,997.61,1,3.5,Rainy
30,77,12,51,1007.88,0,3.5,Rainy
24,50,3.5,10,1017.18,4,6.5,Cloudy
36,32,6,2,1026.15,7,7.5,Sunny
3,75,10.5,73,980.47,1,3,Snowy
35,49,9,14,1010.52,10,7,Sunny
26,43,7,18,1024.37,5,6,Sunny
16,59,11.5,37,1004.12,4,6.5,Cloudy
38,73,2.5,79,1034.1,3,13,Rainy
34,51,9,40,1009.21,4,6,Cloudy
33,88,19,98,998.8,2,3,Rainy
17,72,20,56,990.4,0,4,Rainy
30,58,1,43,1018.95,2,6,Cloudy
17,69,2,35,1009.83,1,8.5,Cloudy
-5,94,9,63,989.82,0,5,Snowy
17,64,19.5,95,1016.54,2,5,Rainy
-13,60,9.5,18,931.79,7,5.5,Cloudy
34,88,19.5,73,1018.01,1,4,Rainy
41,90,21.5,103,1002.15,13,4,Rainy
13,77,5,68,1021.09,3,8.5,Cloudy
23,35,3.5,12,1028.43,7,8,Sunny
16,96,19,57,1003.05,0,4.5,Rainy
-7,70,8.5,62,993.19,1,2,Snowy
3,90,9.5,87,997.83,0,2.5,Snowy
39,54,0,3,1024.65,8,9.5,Sunny
21,64,19,96,1006.43,0,4.5,Rainy
38,69,6.5,19,1011.2,5,8,Sunny
-6,81,19.5,66,995.18,0,1.5,Snowy
10,80,16.5,99,1005.34,3,3.5,Rainy
23,73,14.5,32,1002.91,4,7.5,Cloudy
38,21,0,14,960.81,2,6,Snowy
15,97,12.5,62,1013.38,2,3,Rainy
20,55,2,7,1029.67,9,9,Sunny
26,82,18,54,998.36,1,3,Rainy
23,60,19.5,62,1014.54,2,4.5,Rainy
26,68,4,39,1016.39,4,5.5,Cloudy
10,99,16,58,995.85,2,1.5,Rainy
20,42,4,13,1028.3,5,8,Sunny
-2,32,1.5,17,930.32,1,11,Rainy
-1,94,13,74,981.13,0,4,Snowy
28,65,13.5,48,1013.19,4,5.5,Cloudy
-10,94,7.5,98,989.37,1,4,Snowy
41,57,4,19,1025.59,10,6.5,Sunny
34,78,14.5,13,1014.07,1,6,Cloudy
33,30,9.5,7,1019.11,11,5,Sunny
28,56,8.5,12,1013.53,1,7.5,Cloudy
49,64,4,61,1130.72,14,0,Cloudy
28,77,4.5,68,1175.6,14,0,Snowy
34,99,34,74,1016.03,9,1,Rainy
-7,97,4.5,73,987.68,0,2,Snowy
78,81,8,78,1010.19,1,4.5,Cloudy
25,24,9.5,91,834.02,13,3.5,Snowy
31,100,15,90,1019.98,8,5,Sunny
19,97,9,56,1015.74,3,2,Rainy
34,97,17.5,76,1016.2,1,2.5,Rainy
10,80,17,69,1012.7,3,1.5,Rainy
28,76,0.5,16,1018.62,4,7.5,Cloudy
18,74,0.5,39,1007.53,1,8.5,Cloudy
32,63,3,46,1006.96,1,8.5,Cloudy
-7,82,7.5,57,985.06,0,2.5,Snowy
22,61,8.5,13,1009.6,2,6.5,Cloudy
63,86,13,75,1027.31,14,2.5,Sunny
23,78,15,60,991.36,2,4,Rainy
27,83,16,53,1003.68,1,2.5,Rainy
-9,67,13,92,981.36,0,2,Snowy
-10,92,17,96,982.06,1,4.5,Snowy
10,68,8,99,1014.01,3,1.5,Rainy
35,33,7,5,1025.51,5,7.5,Sunny
73,82,47,107,1002.73,0,0.5,Rainy
22,89,12,85,1017.54,11,2,Cloudy
2,86,11.5,64,999.36,1,2.5,Snowy
30,71,12,92,992.51,2,3,Rainy
30,55,5,31,1004.15,2,6.5,Cloudy
14,68,11.5,11,1012.85,2,6.5,Cloudy
19,91,18.5,97,1011.14,0,4,Rainy
34,71,4,35,1001.54,3,6.5,Cloudy
27,79,14,29,1008.79,1,7.5,Cloudy
8,78,34.5,106,982.66,11,3.5,Snowy
-3,76,10,85,986.77,0,3.5,Snowy
29,107,0.5,93,1002.18,8,10,Cloudy
27,54,7,11,1015.78,2,6,Cloudy
22,95,35.5,87,998.45,11,4,Rainy
24,27,2,12,1015.66,7,6,Sunny
33,69,8,5,1026.28,9,9.5,Sunny
28,47,11.5,24,1105.69,9,1.5,Sunny
32,59,0.5,18,1016.89,2,7,Cloudy
-10,72,2.5,96,988.45,0,2,Snowy
28,108,7.5,83,1018.84,1,4,Sunny
27,26,9,14,1018.24,5,7,Sunny
-9,71,9.5,83,996.4,1,3.5,Snowy
28,86,9.5,52,1005.41,3,3,Rainy
-4,64,1,85,993.69,1,1.5,Snowy
25,51,5,18,1019.65,7,7,Sunny
12,92,20,51,1010.65,3,2,Rainy
-12,22,6.5,71,1097.74,1,9,Snowy
14,65,6.5,26,1019.03,1,6.5,Cloudy
2,71,11,66,984.83,0,3,Snowy
43,24,7,1,1020.87,9,7,Sunny
-10,84,5,75,990.82,0,4.5,Snowy
1,52,13.5,18,829.86,14,6.5,Cloudy
25,86,11,75,1006.57,0,4,Rainy
30,96,4.5,97,1001.66,1,5.5,Cloudy
44,94,9,109,1024.46,2,6.5,Sunny
12,89,17.5,75,997.65,2,2,Rainy
20,48,3,10,1019.81,10,9.5,Sunny
32,71,19,92,1003.24,3,2.5,Rainy
13,79,11,63,990.71,2,4.5,Rainy
-24,84,23.5,80,984.68,0,1.5,Snowy
22,46,5,1,1014.95,11,7,Sunny
25,57,3.5,0,1016.85,10,8.5,Sunny
-4,69,14.5,56,994.53,1,3,Snowy
-10,72,4.5,72,1193.57,11,13,Rainy
0,73,4,90,993.09,1,3,Snowy
41,33,3.5,5,1021.88,6,8,Sunny
35,50,7,3,1011.22,7,7.5,Sunny
14,95,42.5,106,997.34,6,4,Rainy
23,63,5,2,1028.61,9,9,Sunny
34,31,9.5,9,1024.74,10,5.5,Sunny
28,97,12,99,1014.95,2,2.5,Rainy
33,63,8.5,93,990.33,2,3,Rainy
-2,52,13.5,88,841.43,2,1.5,Sunny
12,88,9.5,76,990.58,1,5,Rainy
11,66,13.5,39,1005.33,2,7.5,Cloudy
19,72,11,25,1009.68,4,7.5,Cloudy
18,87,18,58,1001.57,1,1.5,Rainy
15,98,6,84,1014.45,2,3.5,Rainy
13,76,0,12,1006.38,3,5.5,Cloudy
34,24,4,13,1020.55,11,8,Sunny
-7,89,1,63,993.79,1,4,Snowy
-8,98,14.5,94,989.03,0,4,Snowy
1,70,16.5,59,990.8,1,1.5,Snowy
21,72,19,57,990.71,2,2,Rainy
2,105,10.5,109,990.79,0,3,Snowy
21,46,7.5,18,1012.01,7,6,Sunny
-2,72,9.5,98,991.7,1,1.5,Snowy
31,95,19,51,1013.15,3,2.5,Rainy
24,77,13.5,89,1019.08,2,4,Rainy
26,68,15,53,1014.58,3,2.5,Rainy
60,86,12,86,1003.36,9,2,Cloudy
22,72,11,23,1015.73,2,5.5,Cloudy
48,79,12,88,1140.24,4,17,Snowy
32,58,6.5,4,1023.83,6,9,Sunny
-10,63,17.5,70,993.68,0,3.5,Snowy
26,67,10,27,1002.53,4,6.5,Cloudy
35,58,3,19,1015.4,5,5,Sunny
11,76,6,71,974.29,7,9,Rainy
26,27,5.5,14,1027.6,7,7.5,Sunny
43,50,8,16,1017.68,5,5.5,Sunny
33,58,8,41,1017,2,8,Cloudy
5,71,9.5,93,985.82,6,6,Snowy
23,62,10,20,1003.85,3,9,Cloudy
-6,94,2.5,93,989.21,1,1.5,Snowy
8,87,10,104,998.66,1,0.5,Snowy
-6,106,33,82,995.73,1,1.5,Snowy
31,62,6,21,1015.8,1,5.5,Cloudy
32,27,8,18,1010.28,8,5.5,Sunny
51,85,13.5,77,1025.39,12,5,Sunny
20,86,14,64,1000.52,1,2,Rainy
22,58,13.5,20,1003.77,3,7.5,Cloudy
15,74,19,81,1017.45,1,1.5,Rainy
11,82,14.5,96,1014.44,8,7,Cloudy
19,79,11,53,1016.38,2,4,Rainy
-14,48,5,74,1022.96,8,5.5,Rainy
14,80,13,78,1011.38,4,1.5,Sunny
27,73,12.5,26,1008.72,4,6,Cloudy
21,25,1,14,1016.38,5,7,Sunny
-4,89,15.5,75,994.04,1,2.5,Snowy
2,70,17,96,992.06,0,4.5,Snowy
-3,98,0.5,60,991.41,0,2,Snowy
42,28,8,1,1019.49,9,6.5,Sunny
18,91,18,91,1000.55,1,2.5,Rainy
10,88,18.5,92,998.65,6,1.5,Rainy
50,72,31.5,86,1001.25,6,1,Rainy
29,63,11.5,52,1017.35,2,2,Rainy
37,62,6,6,1021.37,11,7,Sunny
16,87,14,50,1001.96,0,4.5,Rainy
28,52,13.5,30,1011.14,3,5,Cloudy
16,78,15,55,1012.87,0,1,Rainy
11,50,14,15,1003.19,4,5.5,Cloudy
18,61,5,19,1011.7,2,6.5,Cloudy
1,65,8,62,996.55,0,5,Snowy
12,70,2.5,43,1016.35,2,6.5,Cloudy
12,22,1,66,858.36,13,3,Cloudy
12,97,5.5,86,1005.53,3,3,Rainy
3,73,10.5,65,993.69,1,2.5,Snowy
-7,79,13,86,989.76,0,1.5,Snowy
21,28,7.5,14,1015.26,10,5.5,Sunny
39,74,9,87,1000.45,7,8,Cloudy
26,75,17,61,1002.64,0,1,Rainy
0,82,17,50,988.71,1,4.5,Snowy
27,69,3,33,1018.37,4,6.5,Cloudy
22,21,4.5,19,1026.59,5,5,Sunny
13,75,0.5,33,1006.64,1,8,Cloudy
25,74,0,33,1011.2,1,8,Cloudy
30,81,17,51,995.93,0,1,Rainy
15,73,23,86,990.25,2,1,Rainy
23,28,5,0,1016.71,11,10,Sunny
37,62,3,18,1022.64,10,9,Sunny
-8,95,23.5,107,985.07,5,3.5,Snowy
5,36,14.5,68,1195.34,1,16,Rainy
21,97,19.5,74,996.4,3,3.5,Rainy
17,51,10.5,21,1006.16,2,8,Cloudy
22,71,9.5,55,1018.77,1,3.5,Rainy
36,66,2,13,1010.25,6,6.5,Sunny
25,65,7,0,1014.06,10,5,Sunny
27,55,4.5,35,1013.66,1,5.5,Cloudy
54,106,26,83,992.65,1,0.5,Rainy
28,51,6.5,8,1011.58,10,8.5,Sunny
34,69,7.5,32,1019.04,2,8.5,Cloudy
2,86,1.5,76,990.66,1,2.5,Snowy
16,58,7.5,38,1001.5,1,7.5,Cloudy
-7,85,2,99,993.79,0,2.5,Snowy
-3,81,6,87,985.5,0,4.5,Snowy
42,39,7.5,17,1029.23,5,9.5,Sunny
-5,69,17,76,981.49,1,3.5,Snowy
12,69,17.5,73,990.32,2,2,Rainy
10,58,8.5,40,1101.7,5,18,Snowy
10,98,14,97,1007.79,1,4.5,Rainy
23,28,6.5,7,1022.75,5,8.5,Sunny
37,109,22,94,1019.37,0,1.5,Rainy
24,79,12,12,1013.39,3,6,Cloudy
36,96,36.5,91,996.7,10,3,Rainy
44,29,1,12,1012.63,10,6,Sunny
47,108,8,94,1003.87,3,10.5,Cloudy
70,71,6.5,89,1028.88,6,5,Sunny
30,72,5.5,97,1011.47,0,4,Rainy
10,94,13.5,62,1005.18,1,5,Rainy
28,59,9,37,1004.99,2,6,Cloudy
39,24,5.5,9,1025.3,9,7,Sunny
16,101,34.5,72,993.43,14,5,Rainy
18,94,2.5,109,1018.62,11,6,Cloudy
23,25,10,15,1016.92,7,8.5,Sunny
29,34,0.5,17,1017.92,10,6,Sunny
34,50,7.5,41,1012.99,2,7,Cloudy
29,61,14,33,1004.54,3,5.5,Cloudy
9,108,27.5,103,1019.52,10,3,Cloudy
-6,103,8,88,995.28,5,1.5,Snowy
12,74,16,78,994.11,2,2,Rainy
66,83,20.5,109,1005.29,10,6.5,Cloudy
33,34,10,2,1020.04,8,9.5,Sunny
-8,85,9,91,987.23,1,2,Snowy
29,95,15,56,1005.12,2,3,Rainy
37,50,2.5,9,1016.98,5,7,Sunny
-2,63,7.5,94,980.74,0,1.5,Snowy
-16,48,9,76,1157.85,8,2.5,Cloudy
21,68,3,30,1019.34,1,8,Cloudy
36,21,4.5,19,1020.62,6,6.5,Sunny
20,51,3.5,34,1001.09,4,7,Cloudy
21,76,7,57,1014.41,3,1.5,Rainy
12,62,5.5,79,1012.12,4,5.5,Rainy
12,77,4,45,1008.41,4,8.5,Cloudy
10,57,8.5,36,1011.7,4,8,Cloudy
34,31,5,6,1013.68,7,7,Sunny
31,96,14.5,92,1000.22,12,10,Cloudy
13,97,8.5,96,1017.24,3,3.5,Rainy
32,96,6.5,55,1002.53,2,2.5,Rainy
-15,71,14.5,41,864.56,13,11.5,Sunny
36,81,7.5,104,1004.2,8,6,Cloudy
23,43,5,7,1021.71,6,9,Sunny
30,59,5.5,49,1001.22,1,7.5,Cloudy
-2,74,7,83,999.2,0,4,Snowy
15,88,11,60,999.44,1,3,Rainy
28,71,10.5,79,998.57,1,2,Rainy
0,60,5,56,995.59,1,1.5,Snowy
33,67,4.5,46,1013.32,4,9,Cloudy
0,88,4.5,59,983.67,0,4,Snowy
32,68,6,1,1016.28,10,9.5,Sunny
28,66,12.5,45,1000.76,2,9,Cloudy
24,66,9.5,47,1004.79,4,5.5,Cloudy
35,48,2.5,16,1015.9,5,7,Sunny
10,44,7.5,28,933.43,13,3.5,Sunny
-8,63,19.5,52,983.82,0,2,Snowy
21,59,2.5,0,1017.02,9,6,Sunny
11,70,7,12,1005.16,3,7.5,Cloudy
39,94,15.5,94,1010.92,5,1.5,Rainy
-5,87,3.5,52,985.21,0,1,Snowy
20,78,12.5,89,1016.65,13,8.5,Sunny
17,74,10.5,103,1018.89,12,6,Rainy
27,77,0,30,1008.97,4,8.5,Cloudy
39,60,9.5,13,1013.69,8,8,Sunny
1,102,35,90,988.38,5,4,Snowy
13,83,7,90,999.27,2,1.5,Rainy
59,106,8.5,109,1023.39,13,9,Sunny
-1,93,13.5,62,988.34,0,3.5,Snowy
32,66,1.5,33,1010.87,1,8.5,Cloudy
0,78,19.5,85,998.09,0,2,Snowy
-4,61,8,73,990.23,0,3.5,Snowy
-2,94,14,60,991.2,1,3,Snowy
42,26,6.5,6,1011.69,7,7.5,Sunny
11,86,16,64,990.95,2,2.5,Rainy
25,24,7.5,18,1027.27,5,8.5,Sunny
26,95,12.5,66,1009.96,1,2.5,Rainy
14,96,16,59,1016.65,2,4,Rainy
-6,69,4,74,982.49,1,4,Snowy
18,78,3,15,1011.45,2,8.5,Cloudy
28,66,4,5,1018.89,7,9,Sunny
27,63,2.5,16,1029.77,11,9.5,Sunny
15,75,6,30,1010.66,2,6.5,Cloudy
-5,36,9,72,1089.04,3,2,Snowy
-2,68,9,97,988.46,0,4,Snowy
31,59,14.5,20,1001.96,1,7.5,Cloudy
29,55,7,20,1019.91,4,5.5,Cloudy
18,69,13.5,43,1003.49,4,7.5,Cloudy
17,54,1.5,20,1015.92,4,8.5,Cloudy
32,59,7.5,43,1010.05,1,7,Cloudy
32,78,6.5,31,968.75,1,5,Sunny
40,96,1,88,1021.63,0,7.5,Sunny
27,77,16,95,1023.17,0,10.5,Sunny
20,65,10,42,1080.21,10,17,Snowy
-8,89,7,75,987.39,1,4,Snowy
44,40,6,15,1026.5,11,6.5,Sunny
17,63,9,10,1011.5,3,6.5,Cloudy
23,109,0,91,1029.8,4,7,Sunny
17,65,15,60,1001.27,3,4,Rainy
41,38,1.5,8,1028.58,8,9.5,Sunny
13,65,6.5,86,899.08,6,19,Snowy
24,54,14.5,10,1017.7,1,5.5,Cloudy
25,51,4,3,1017.49,9,7.5,Sunny
22,47,2.5,1,1025.67,7,8.5,Sunny
31,106,30,76,1001.99,0,8,Cloudy
2,80,16,77,996.19,4,1.5,Snowy
33,42,4,8,1021.96,5,9,Sunny
23,23,3.5,8,1027.69,5,6.5,Sunny
32,61,6,97,1000.84,0,3,Rainy
35,29,9,20,1092.51,7,16,Cloudy
13,50,6,13,1001.38,1,7.5,Cloudy
12,54,10.5,47,1007.02,3,7,Cloudy
26,33,7.5,6,1025.21,8,7.5,Sunny
23,63,3,18,1024.52,5,8,Sunny
23,104,3.5,76,1028.36,8,4,Sunny
-3,91,19.5,51,985.77,0,2.5,Snowy
12,56,11.5,26,1003.73,3,5.5,Cloudy
-6,95,3.5,82,990.75,11,1,Snowy
5,104,12.5,79,996.81,0,5,Snowy
4,62,7,68,991.16,0,4,Snowy
-2,71,6,91,989.38,0,3,Snowy
22,78,16.5,74,990.53,3,4,Rainy
29,83,17.5,81,1000.77,2,4.5,Rainy
28,67,2.5,28,1045.99,8,3,Cloudy
3,74,15.5,92,981.7,1,1.5,Snowy
29,82,18,78,991.54,3,4,Rainy
-10,75,8.5,94,990.03,0,4,Snowy
18,75,11,20,1003.14,4,7.5,Cloudy
39,39,3.5,16,1014.76,8,8,Sunny
26,60,1.5,14,1028.72,5,8.5,Sunny
0,83,18.5,78,992.31,1,4,Snowy
29,91,19.5,86,1010.19,0,4.5,Rainy
-7,70,15,30,1105.56,9,2.5,Snowy
2,32,5,49,904.2,0,3,Sunny
20,48,9,8,1012.09,10,6.5,Sunny
43,60,3.5,2,1011.03,8,7.5,Sunny
33,69,5,81,994.68,12,16.5,Snowy
26,83,10.5,72,1004.7,1,8,Cloudy
34,53,6.5,41,1013.81,1,8,Cloudy
31,71,11.5,51,999.2,2,4,Rainy
16,103,17.5,95,1004.72,12,1.5,Cloudy
-8,96,16,91,998.14,1,3.5,Snowy
12,56,0.5,48,1008.67,3,7,Cloudy
31,95,5.5,79,994.38,3,4.5,Rainy
15,95,5.5,54,996.04,1,1.5,Rainy
20,79,9.5,40,1004.02,1,5,Cloudy
38,40,5,11,1010.5,9,9.5,Sunny
25,27,4,15,1017.86,5,7.5,Sunny
34,45,7,8,1019.45,9,7,Sunny
19,65,5.5,34,1142.94,5,1,Sunny
27,72,15.5,57,991.14,1,4,Rainy
37,57,3.5,16,1010.9,5,9.5,Sunny
34,79,13.5,89,990.29,0,2.5,Rainy
-16,98,4.5,73,994.1,0,0,Snowy
31,29,7,16,1023.21,5,7,Sunny
21,108,18,96,992.8,9,1.5,Rainy
3,88,19,74,986.86,1,3.5,Snowy
20,21,9,9,1013.66,9,7.5,Sunny
31,52,7,19,1024.37,7,8,Sunny
39,34,3.5,5,1016.3,7,7.5,Sunny
80,76,3,93,1014.26,13,3,Sunny
16,50,9,32,1000.8,1,7.5,Cloudy
19,70,26.5,100,1012.31,9,2,Rainy
-9,94,0,56,987.75,1,3.5,Snowy
19,91,6.5,68,1016.8,2,2,Rainy
-2,83,3.5,52,999.04,1,3.5,Snowy
15,79,0,39,1015.32,4,6,Cloudy
-19,51,10,26,1098.88,6,18.5,Cloudy
26,50,3,20,1008.81,1,5.5,Cloudy
18,98,21,92,1010.14,8,11,Cloudy
44,65,6.5,3,1021.53,8,7,Sunny
42,52,3,12,1025.53,9,5.5,Sunny
15,51,14,44,1006.17,2,7.5,Cloudy
52,101,7,96,1021.67,1,6.5,Sunny
0,89,19.5,54,994.67,0,3.5,Snowy
-9,88,5,63,981.68,0,3,Snowy
41,46,0.5,11,1023.72,10,7,Sunny
11,68,7,81,1004.46,3,1.5,Rainy
2,41,14.5,94,1147.75,11,1,Snowy
26,68,6.5,32,1015.95,2,6,Cloudy
19,87,1,70,1012.87,3,11.5,Sunny
15,99,13.5,80,1002.93,14,9,Cloudy
33,60,7,37,1009.8,2,6,Cloudy
26,71,4,39,1011.13,4,6,Cloudy
31,94,5,53,1000.48,3,4,Rainy
34,89,5.5,85,994.36,0,1.5,Rainy
-10,76,17,51,988.06,1,2,Snowy
45,95,3,107,1013.55,1,8,Cloudy
29,81,5,95,990.38,2,4.5,Rainy
24,94,5.5,58,999.28,2,1.5,Rainy
14,95,15,52,1001.31,3,2.5,Rainy
28,66,1.5,8,1028.57,6,8,Sunny
16,79,12.5,65,994.52,1,1,Rainy
17,66,9.5,28,1006.33,4,6.5,Cloudy
22,76,2.5,35,1006.76,4,7,Cloudy
38,49,11.5,56,1187.38,13,13,Sunny
31,69,5.5,73,1010.26,3,4,Rainy
-13,102,18,93,984.22,9,5.5,Snowy
23,94,18,50,1003.54,1,2,Rainy
19,76,9.5,14,1012.3,2,6.5,Cloudy
39,84,32.5,71,1019.59,3,4,Rainy
4,74,8.5,77,987.85,1,3.5,Snowy
2,80,12.5,93,987.85,1,1.5,Snowy
-9,77,3,97,990.49,0,3,Snowy
23,63,2,16,1015.73,4,8.5,Cloudy
13,60,5.5,31,1019.03,2,5.5,Cloudy
19,59,1,25,1011.4,3,5,Cloudy
17,89,17.5,89,1001.82,1,4.5,Rainy
41,20,1.5,13,1028.27,5,9,Sunny
6,76,2.5,64,1000.66,6,0,Snowy
33,36,4.5,2,1026.57,7,8.5,Sunny
11,57,5,19,1019.91,1,7.5,Cloudy
4,81,9,72,995.05,0,2.5,Snowy
30,73,13.5,67,1000.4,0,3,Rainy
27,64,2,42,1005.59,4,8,Cloudy
32,91,5.5,67,1004.63,3,2,Rainy
-2,60,11,61,986.79,0,3.5,Snowy
-18,70,11,12,1182.77,14,10.5,Cloudy
3,72,10,78,987.7,1,4.5,Snowy
-8,92,5.5,54,999.41,1,3,Snowy
4,75,10.5,69,926.46,12,1.5,Rainy
34,71,4,42,1001.55,4,7,Cloudy
38,44,5.5,7,1015.53,5,9.5,Sunny
22,57,5,2,1026.21,5,8,Sunny
20,20,8,7,1027.65,6,9.5,Sunny
-8,60,6,77,983.66,0,2.5,Snowy
47,72,11.5,108,1019.44,12,9.5,Sunny
-9,70,5,67,980.37,0,4.5,Snowy
39,42,3,19,1011.63,7,6,Sunny
21,86,9.5,58,997.76,1,3,Rainy
-3,99,5,87,987.24,1,3,Snowy
29,46,6,9,1014.94,5,6.5,Sunny
30,60,6.5,75,998.88,1,4,Rainy
39,29,0.5,16,1017.52,5,6,Sunny
30,64,7,51,1014.89,3,3.5,Rainy
-1,82,3,64,991.36,1,3.5,Snowy
26,82,18.5,90,994.41,2,3,Rainy
11,74,6,86,1009.58,3,2.5,Rainy
26,23,3,13,1014.87,5,7.5,Sunny
12,75,19.5,66,1019.53,1,4.5,Rainy
-12,24,3,50,1016.12,3,6.5,Sunny
32,60,9,52,992.85,3,4.5,Rainy
24,80,32,84,1013.59,1,3,Rainy
24,78,7,27,1004.99,4,6.5,Cloudy
36,33,8.5,2,1025.96,6,9,Sunny
-7,81,6,85,985.67,0,2,Snowy
21,58,7.5,16,1019.37,2,7.5,Cloudy
16,76,9,65,1006.24,3,2.5,Rainy
-19,26,7.5,20,879.11,10,13.5,Cloudy
18,71,9,91,995.69,1,1,Rainy
-8,63,0.5,73,994.16,1,3,Snowy
1,63,11.5,82,997.03,0,1.5,Snowy
19,91,10,62,1004.94,2,2,Rainy
35,40,7,5,1013.66,9,9.5,Sunny
-4,74,17,56,980.29,1,2.5,Snowy
20,98,18,78,1007.06,0,2,Rainy
34,24,10,1,1019.98,10,7,Sunny
40,26,9,19,1023.2,6,9,Sunny
33,80,14,77,1016.88,1,4.5,Rainy
-2,96,6,66,984.93,0,1.5,Snowy
0,84,17,96,989.75,0,1,Snowy
-2,106,24,73,981.5,13,1.5,Snowy
34,67,18,88,1018.97,1,3.5,Rainy
13,73,3,33,1013.57,2,5.5,Cloudy
2,100,27,82,984.28,12,3.5,Snowy
2,95,10.5,50,995.71,0,5,Snowy
0,76,14.5,95,996.54,1,2,Snowy
-9,70,6.5,93,988.14,1,2.5,Snowy
29,70,7.5,91,1019.22,2,3,Rainy
14,65,17.5,74,1004.29,2,2,Rainy
22,69,11.5,26,1000.43,4,6.5,Cloudy
21,90,15,83,995.43,1,1.5,Rainy
24,51,8,26,1018.31,2,6.5,Cloudy
15,91,6.5,92,993.62,0,2.5,Rainy
37,64,4,54,941.95,6,8.5,Sunny
30,58,1.5,41,1000.16,3,6.5,Cloudy
20,63,20,55,1017.9,3,1,Rainy
29,103,22.5,97,1012.64,8,1.5,Rainy
27,21,1.5,9,1028.6,7,6,Sunny
36,78,12.5,86,1017.41,7,2.5,Cloudy
42,95,16.5,105,1017.9,6,4,Sunny
-8,68,11,76,989.03,0,3.5,Snowy
33,26,6.5,5,1029.26,7,9.5,Sunny
3,64,15,54,990.39,0,1.5,Snowy
10,77,11.5,79,1002.35,3,2.5,Rainy
-10,65,7.5,78,999.97,0,4.5,Snowy
3,96,3,68,984.04,1,4,Snowy
-6,60,12,79,997.36,1,2,Snowy
12,24,10,12,1025.6,14,5,Snowy
-10,97,4,93,987.18,1,3.5,Snowy
34,77,4,46,1015.98,1,5,Cloudy
11,87,15.5,66,990.51,1,3,Rainy
-5,80,3,99,989.91,0,1.5,Snowy
28,65,6.5,44,1016.96,3,5,Cloudy
18,63,1,15,1001.89,1,9,Cloudy
21,35,1,19,1029.78,5,7,Sunny
14,90,18,73,991.27,3,2,Rainy
33,63,4,15,1022.72,7,6.5,Sunny
11,93,10,63,1007.74,3,5,Rainy
28,33,7,33,824.16,0,5,Sunny
20,67,0,48,1010.23,4,7,Cloudy
-6,70,9.5,62,986.98,1,2.5,Snowy
11,87,19.5,84,1000.8,2,3.5,Rainy
33,65,7.5,45,1019.07,1,9,Cloudy
22,62,14,91,1019.57,3,4,Rainy
27,50,4.5,15,1012.86,10,8.5,Sunny
-7,98,1,98,987.4,0,2.5,Snowy
12,69,4.5,29,1012.37,4,8.5,Cloudy
-11,69,13,31,1081.28,0,5,Sunny
35,49,3.5,13,1016.25,5,8,Sunny
-10,68,3,70,987.09,0,3.5,Snowy
-13,48,7.5,34,1196.03,6,15.5,Snowy
33,85,27.5,84,991.68,0,6,Rainy
25,92,31,90,1017.26,6,0.5,Rainy
25,51,3.5,6,1021.18,10,7.5,Sunny
44,64,9,15,1025.71,5,8.5,Sunny
31,63,17,53,1016.02,1,2,Rainy
26,84,17,96,1015.9,5,13.5,Sunny
20,67,4,27,1010.5,2,8,Cloudy
28,53,8,16,1016.17,6,9,Sunny
4,85,13,95,988.3,0,1.5,Snowy
28,104,21,109,1008.63,0,3,Rainy
21,61,2,33,1014.64,4,7,Cloudy
3,89,7,82,998.9,1,3,Snowy
-3,96,3,91,994.14,8,2.5,Snowy
28,63,5,2,1010.5,10,7.5,Sunny
39,69,4.5,11,1012.36,8,7.5,Sunny
-13,52,5.5,75,1066.35,14,7.5,Sunny
26,54,13,46,1011.35,1,6,Cloudy
29,51,11.5,14,1016.46,3,5,Cloudy
38,22,5,7,1016.55,8,9,Sunny
26,99,18,67,1015.24,2,3,Rainy
48,40,7,91,1184.13,3,5,Snowy
21,57,2.5,45,1007.93,1,5.5,Cloudy
74,101,18,76,1010.82,6,4,Sunny
40,21,5.5,7,1010.93,7,9,Sunny
35,42,6,11,1024.48,5,7.5,Sunny
3,97,3,66,991.12,1,3.5,Snowy
23,83,9.5,90,1010.97,3,3.5,Rainy
19,74,6.5,37,1018.34,2,7,Cloudy
32,71,14,24,1000.28,4,6,Cloudy
4,57,7,62,1045.58,9,13.5,Cloudy
-8,82,13,90,985.99,1,1,Snowy
16,82,27.5,81,995.65,3,2,Rainy
13,52,11.5,44,1003.47,3,8.5,Cloudy
18,73,11.5,12,1006.46,1,7.5,Cloudy
43,30,5.5,7,1028.14,5,5.5,Sunny
14,73,13,40,1016.96,1,8,Cloudy
10,53,6,43,1005.75,4,5.5,Cloudy
28,72,8,71,1003.7,1,2.5,Rainy
-7,72,6.5,94,999.86,0,3.5,Snowy
3,89,17,80,980.91,1,4.5,Snowy
10,63,15.5,98,1007.79,2,1.5,Rainy
23,75,13,48,1018.2,2,8.5,Cloudy
30,65,10,67,1001.1,2,3.5,Rainy
76,91,13.5,82,1015.18,1,7,Cloudy
-8,70,2.5,84,985.21,1,2.5,Snowy
9,82,16.5,107,1011.48,4,0.5,Cloudy
5,83,30.5,96,991.86,13,1.5,Snowy
14,81,18.5,79,1005.82,1,1.5,Rainy
10,76,15,53,1001.63,0,4.5,Rainy
15,63,10,83,1016.68,0,2.5,Rainy
33,96,24.5,97,1010.21,5,2,Cloudy
25,68,0,37,1008.06,2,7.5,Cloudy
24,63,14.5,47,1016.18,1,5.5,Cloudy
-5,76,11,86,984.05,1,2.5,Snowy
16,67,6.5,30,1011.71,4,6,Cloudy
26,97,20.5,81,1005.35,12,5.5,Rainy
22,62,9,26,1019.79,1,9,Cloudy
-10,87,1.5,76,982.49,1,1.5,Snowy
22,56,0.5,29,1019.41,1,7,Cloudy
28,46,8,11,1010.17,6,5.5,Sunny
0,71,1.5,67,995.64,1,3.5,Snowy
12,82,18,78,1018.01,1,4.5,Rainy
32,93,15,51,1010.4,0,3,Rainy
-10,96,13,97,998.31,1,1,Snowy
30,51,3,48,1012.49,3,6.5,Cloudy
-6,67,12,89,998.75,0,3,Snowy
31,69,16,50,1016.26,2,4.5,Rainy
36,61,2.5,14,1019.32,5,6,Sunny
-9,96,0,65,999.81,0,3.5,Snowy
23,57,12.5,21,1008.93,2,8,Cloudy
33,53,6,44,1011.26,2,5.5,Cloudy
55,96,3,84,1007.32,12,8.5,Cloudy
44,24,2.5,97,805.4,0,8,Cloudy
30,53,2,22,1004.61,2,8,Cloudy
29,71,7.5,22,1002.82,1,8,Cloudy
-3,96,5,53,982.79,1,3,Snowy
19,67,12.5,98,994.55,1,3,Rainy
23,70,9.5,38,1019.56,1,7,Cloudy
22,66,7,23,1005.65,2,8.5,Cloudy
24,51,6,60,820.41,1,3.5,Snowy
55,103,22.5,95,1007.41,5,8,Cloudy
37,40,2,13,1018.46,5,10,Sunny
34,68,10.5,62,1012.09,2,2,Rainy
23,67,9,21,1002.66,1,6.5,Cloudy
0,94,9.5,76,997.53,0,4,Snowy
-10,61,7.5,50,980.37,0,4,Snowy
-1,83,19,85,982.46,7,4,Snowy
21,101,11.5,77,1003.65,10,1,Rainy
12,98,19.5,61,1004.98,1,3.5,Rainy
30,60,12,14,1009.05,1,6,Cloudy
18,39,12,39,988.64,6,9,Snowy
24,83,20,101,995.39,3,0.5,Rainy
12,93,9.5,86,996.35,0,1.5,Rainy
27,75,21,70,1000.86,6,4.5,Cloudy
20,83,11,70,1003.02,1,4.5,Rainy
-4,86,14.5,84,993.7,1,2,Snowy
-20,42,10,42,1177.21,7,1,Rainy
38,48,3.5,5,1012.26,5,9.5,Sunny
27,107,30.5,70,1003.72,11,2,Rainy
25,64,11.5,58,1015.31,2,3.5,Rainy
25,67,7.5,62,1008.04,3,2,Rainy
20,61,1,4,1019.47,6,9,Sunny
10,70,12,30,1013.4,3,6,Cloudy
22,75,10,31,1000.79,4,7,Cloudy
4,81,9.5,80,984.34,1,1.5,Snowy
11,50,1.5,14,1015.95,3,6.5,Cloudy
14,65,16.5,96,1007.99,0,1,Rainy
33,97,18.5,82,1008.39,0,4,Rainy
-9,85,15,88,983.37,1,4.5,Snowy
18,75,15.5,67,1015.03,0,2,Rainy
2,91,10.5,93,996.91,1,4.5,Snowy
19,66,5,64,1012.05,0,1,Rainy
25,54,7,47,1011.13,3,7,Cloudy
31,36,1,95,945.27,12,2.5,Cloudy
59,95,10.5,74,1016.59,6,3.5,Rainy
34,68,13,62,997.87,1,2.5,Rainy
41,69,10,27,921.64,3,1.5,Rainy
-6,49,13.5,49,1161.34,11,13,Snowy
4,63,9.5,59,994.63,0,2.5,Snowy
0,82,17.5,92,986.86,0,5,Snowy
35,38,1,86,870.6,11,5.5,Sunny
37,25,9.5,6,1028.14,6,9,Sunny
18,70,9,92,1009.71,3,2,Rainy
23,21,0,16,1025.67,6,9,Sunny
38,74,11.5,35,940.77,12,11.5,Rainy
27,52,5.5,12,1026.19,11,9.5,Sunny
31,60,7,81,997.83,1,3.5,Rainy
20,55,6.5,42,1006.69,1,8.5,Cloudy
34,62,13.5,60,1013.58,2,3.5,Rainy
17,73,17.5,93,1003.31,1,3,Rainy
16,66,13.5,19,1009.24,2,5,Cloudy
13,85,9.5,71,1013.06,0,1.5,Rainy
29,75,11.5,14,1010.79,1,9,Cloudy
-10,95,4,62,984.07,0,1.5,Snowy
30,90,13,63,1019.57,1,3,Rainy
34,20,4.5,36,966.37,6,16,Rainy
19,95,2,74,1003.75,4,2,Cloudy
20,69,7,82,1010.36,1,2,Rainy
25,93,11.5,96,1003.56,3,2.5,Rainy
21,50,5,47,1010.87,3,9,Cloudy
2,93,1.5,109,980.1,2,5,Snowy
28,35,1.5,73,918.45,0,10.5,Sunny
31,68,13.5,82,1019.94,3,2,Rainy
18,67,15,73,1005.72,0,4.5,Rainy
-16,27,14.5,64,880.38,10,3.5,Cloudy
16,80,9,85,1016.83,6,8,Sunny
29,58,0,28,1007.84,3,6,Cloudy
-3,87,11.5,89,989.61,1,4,Snowy
-6,60,6.5,54,985.87,0,4,Snowy
39,36,0.5,13,1012.36,5,5.5,Sunny
31,97,19.5,50,1018.59,3,5,Rainy
9,70,7.5,12,822.27,2,18,Snowy
28,39,1.5,0,1010.35,8,6,Sunny
30,61,10.5,28,1009.71,3,8,Cloudy
-10,69,8,97,993,0,4.5,Snowy
15,87,5,68,1013.81,2,5,Rainy
3,81,9.5,93,982.62,0,1.5,Snowy
15,53,11.5,41,1012.1,3,7.5,Cloudy
33,80,9.5,53,994.51,2,3.5,Rainy
27,66,4,1,1022.64,9,7.5,Sunny
36,81,8,97,1014.11,10,9.5,Sunny
21,61,6,17,1019.35,3,6.5,Cloudy
17,94,12.5,79,1015.11,3,2,Rainy
31,91,29.5,104,995.61,8,4.5,Rainy
-3,65,9,55,994.87,0,4,Snowy
29,30,6,12,1012.61,10,8.5,Sunny
34,78,9,42,1005,1,8.5,Cloudy
24,41,3,11,1020.28,7,7,Sunny
20,32,5,2,1019.85,8,5,Sunny
35,55,9,9,1012.58,9,8,Sunny
-2,82,19.5,85,981.3,1,4,Snowy
17,72,2.5,40,1005.31,3,9,Cloudy
-5,68,8,56,995.63,1,2,Snowy
9,73,10,84,1000.06,14,8,Cloudy
15,65,5,10,1009.5,4,6.5,Cloudy
23,21,6.5,17,1054.24,7,7.5,Snowy
10,73,10.5,49,1010.36,1,5.5,Cloudy
-7,69,3,86,991.57,1,5,Snowy
41,56,4.5,6,1018.48,8,9,Sunny
-7,93,0.5,51,997.63,1,5,Snowy
-2,101,19.5,101,980.83,0,5,Snowy
57,103,11,71,1007.55,1,1,Rainy
24,94,19.5,58,1003.36,0,2.5,Rainy
16,52,4,29,1009.5,4,6,Cloudy
28,37,7,16,1021.88,6,5,Sunny
2,69,9.5,93,985.77,0,2,Snowy
28,67,3,18,1017.89,10,7.5,Sunny
37,76,10.5,86,1073.21,3,4.5,Cloudy
42,85,37,100,1007.39,11,2.5,Rainy
36,21,6.5,6,1021.77,8,5,Sunny
-1,56,5,70,1018.08,14,8,Snowy
-6,80,1.5,74,999.42,13,4.5,Snowy
40,99,13,101,1011.41,12,2,Cloudy
20,29,4.5,5,1010.43,6,6,Sunny
91,106,2.5,92,1022.18,6,5,Sunny
25,57,13.5,22,1005.37,1,5.5,Cloudy
47,106,5.5,104,1027.75,12,4,Sunny
17,65,7,64,1004.05,0,4,Rainy
-15,74,6.5,53,874.92,6,8,Cloudy
82,74,19.5,81,1022.21,10,9,Sunny
10,20,9,60,827.37,7,4.5,Rainy
42,62,8.5,13,1026.68,5,10,Sunny
16,67,9,16,1007.01,1,7.5,Cloudy
41,53,2.5,1,1015.42,9,7.5,Sunny
3,82,17,59,984.41,0,4,Snowy
30,60,11,15,1014.3,2,7,Cloudy
3,97,20,89,983.22,0,4,Snowy
49,34,3,64,1118.38,9,5,Sunny
37,36,8.5,0,1026.5,6,6.5,Sunny
26,24,3,17,1010.01,6,5.5,Sunny
24,63,8.5,67,990.04,3,4.5,Rainy
66,83,18,92,999.46,14,3,Rainy
19,70,10,21,1014.9,1,6.5,Cloudy
26,51,4.5,46,903.58,2,0.5,Sunny
25,23,0.5,1,1026.46,10,7,Sunny
0,102,19.5,85,988.97,12,5,Snowy
30,38,5,2,1018.18,5,9.5,Sunny
22,72,12,69,1018.8,1,2.5,Rainy
29,71,21,86,1013.77,12,6.5,Cloudy
32,104,27,107,1015.36,3,11.5,Cloudy
24,88,44.5,76,1005.61,1,1.5,Rainy
20,67,7,6,1025.47,5,5.5,Sunny
16,76,6,36,1007.38,2,9,Cloudy
-4,101,9.5,98,990.81,10,1.5,Snowy
21,41,14.5,56,902.72,4,16.5,Cloudy
32,49,2.5,9,1012.59,7,5,Sunny
11,80,7.5,86,1006.4,0,1.5,Rainy
-17,72,8.5,73,998.45,1,2,Snowy
4,95,12.5,91,993.44,7,4,Snowy
16,55,5.5,45,1007.32,1,7,Cloudy
-4,82,2,65,982.57,0,1.5,Snowy
15,22,2.5,92,977.7,12,5,Snowy
-16,100,18,97,993.16,11,2,Snowy
1,83,17.5,86,984.97,1,1,Snowy
29,67,1.5,5,1024.29,5,8,Sunny
23,70,12.5,106,997.59,0,2.5,Rainy
-1,62,3.5,82,993.44,1,3,Snowy
28,78,4.5,49,1003.87,2,7,Cloudy
4,60,17,76,991.03,1,5,Snowy
31,92,4,99,1010.9,14,4.5,Sunny
44,105,3,86,1015.64,9,7.5,Sunny
33,85,16,58,1004.52,2,2,Rainy
37,77,16,75,1018.29,3,5.5,Sunny
28,79,7,23,1018.36,4,8.5,Cloudy
-19,59,4,11,1022.41,1,19,Snowy
20,102,15,83,1015.89,10,6.5,Cloudy
61,104,7.5,85,1005.83,11,5,Cloudy
24,71,12,59,1004.05,2,1,Rainy
22,63,11.5,12,1014.55,1,7,Cloudy
33,68,2.5,13,1004.61,2,7.5,Cloudy
41,36,8.5,3,1029.51,8,6.5,Sunny
36,58,8,1,1015.16,9,8.5,Sunny
40,40,8,1,1013.26,11,5.5,Sunny
7,76,17.5,106,1019.09,2,5.5,Rainy
11,61,11.5,99,994.58,1,4,Rainy
2,75,9,103,994.71,5,0.5,Snowy
22,53,3,16,1023.32,6,7.5,Sunny
30,98,10,59,998.56,3,3,Rainy
25,32,8.5,82,961.73,12,15,Sunny
15,78,16,105,993.73,10,0.5,Rainy
10,76,11.5,71,1095.61,12,3,Snowy
13,67,9,51,1008.38,2,3.5,Rainy
43,30,4,97,995.64,11,19,Snowy
-5,66,5,68,994.28,0,1.5,Snowy
22,46,2,12,1019.55,6,9.5,Sunny
31,97,20,54,1003.01,1,4.5,Rainy
16,61,13,80,995.72,3,5,Rainy
19,82,2,106,1006.7,5,5.5,Cloudy
17,96,12,66,1008.91,0,3.5,Rainy
34,63,19,61,1001.99,3,3,Rainy
8,102,35.5,89,999.36,4,2,Snowy
-7,85,1,76,989.97,1,3,Snowy
4,98,15.5,67,987.42,1,1.5,Snowy
35,68,3.5,69,1121.27,8,18,Rainy
21,65,5,7,1017.57,9,7,Sunny
20,99,15,98,994.3,2,2.5,Rainy
25,62,6,8,1020.8,10,9.5,Sunny
22,65,6,6,1010.58,5,5.5,Sunny
-4,91,7.5,66,986.45,1,2,Snowy
19,69,11,86,1013.98,1,1.5,Rainy
23,61,10,72,999.82,3,4.5,Rainy
28,56,4.5,38,1005.76,4,8.5,Cloudy
15,99,20,76,999.95,4,1.5,Rainy
0,86,19.5,53,988.5,0,4,Snowy
36,57,4.5,11,1015.75,7,6,Sunny
29,65,18,91,1010.71,0,5,Rainy
-8,79,18.5,95,996.93,1,1.5,Snowy
-10,72,9.5,89,829.83,0,8,Rainy
26,61,13.5,73,995.23,2,2,Rainy
30,45,6,9,1012.48,7,8,Sunny
2,66,7.5,74,986.01,1,2,Snowy
30,48,7,18,1010.23,9,10,Sunny
24,83,15.5,89,1017.03,1,3.5,Rainy
-8,76,12.5,50,992.61,0,3,Snowy
33,99,16.5,89,1015.58,2,4.5,Rainy
31,61,6.5,14,1013.57,8,8.5,Sunny
31,57,0.5,23,1143.34,4,10.5,Cloudy
29,48,7,18,1019.97,5,10,Sunny
20,58,13.5,40,1008.25,3,7,Cloudy
34,84,12,84,995.23,3,4,Rainy
12,79,15,71,1012.93,2,1.5,Rainy
43,41,9.5,13,1022.24,9,6,Sunny
-6,99,8.5,99,992.5,10,1,Snowy
-7,87,7,80,994.48,0,3.5,Snowy
-8,80,15.5,84,985.8,1,3,Snowy
21,51,4.5,40,1010.97,1,9,Cloudy
31,77,19.5,93,1027.33,12,4.5,Sunny
1,88,1,85,986.06,0,2,Snowy
-2,69,10,64,983.29,0,4.5,Snowy
34,55,6.5,19,1018.38,5,7.5,Sunny
28,91,8.5,86,1029.24,6,5.5,Sunny
-10,89,9.5,93,982.68,0,3.5,Snowy
15,73,10.5,38,1019.92,3,5,Cloudy
31,59,10.5,33,1000.41,3,7.5,Cloudy
34,85,20,70,997.52,1,1.5,Rainy
12,53,9.5,19,1003.07,1,9,Cloudy
36,32,1.5,19,1013.5,11,9,Sunny
27,67,1.5,24,1015.25,1,6.5,Cloudy
-10,64,18,61,984.77,0,2,Snowy
39,38,8,74,1163.16,9,15,Cloudy
19,73,3,109,1008.56,8,4,Cloudy
26,49,9,10,1021.08,9,7,Sunny
22,86,12,65,999.86,1,3.5,Rainy
-5,81,18,88,988.33,1,2.5,Snowy
55,78,3,91,1029.67,2,3,Sunny
26,63,12.5,82,991.38,0,2,Rainy
22,67,4,45,1011.7,2,7,Cloudy
46,76,28.5,108,1000.36,4,2.5,Rainy
3,95,15.5,67,992.03,1,1,Snowy
32,61,13.5,10,1005.59,3,7,Cloudy
21,80,13.5,59,998.35,0,4.5,Rainy
48,91,32,85,1008.97,2,2.5,Rainy
42,61,13,69,1004.98,0,11,Snowy
3,77,12,59,991.63,0,4,Snowy
14,64,5,47,1017.75,3,6,Cloudy
14,56,10,44,1008.83,4,8,Cloudy
20,61,18,58,1018.79,1,4.5,Rainy
53,108,7.5,73,1023.18,13,6.5,Sunny
-2,60,2,91,985.21,0,5,Snowy
32,24,4.5,19,1012.66,5,8.5,Sunny
21,23,9,71,1112.88,11,2,Rainy
15,85,28,92,1003.57,9,0.5,Cloudy
19,67,4.5,21,1010.75,1,6,Cloudy
19,86,9,97,995.9,1,1.5,Rainy
34,76,4,49,1013.56,4,5,Cloudy
2,81,19.5,64,991.54,1,2,Snowy
13,75,2,48,1017.18,2,5.5,Cloudy
25,72,12,24,1017.17,2,7,Cloudy
32,67,8.5,19,1015.46,2,8,Cloudy
18,63,7,16,1009.44,1,6.5,Cloudy
2,89,11.5,94,993.3,1,3.5,Snowy
26,88,7.5,92,992.28,1,4,Rainy
0,46,8,45,1080.2,9,3.5,Sunny
11,62,9.5,20,1007.4,3,5.5,Cloudy
36,58,6.5,13,1011.95,9,8.5,Sunny
32,67,5.5,35,1016.79,3,5.5,Cloudy
17,79,17.5,90,994.97,2,2,Rainy
24,54,6,47,1008.42,3,8,Cloudy
33,46,2.5,11,1021.87,6,6,Sunny
14,82,5,85,1003.88,1,1.5,Rainy
33,78,12.5,55,1009.8,1,4.5,Rainy
-4,70,1.5,92,999.64,0,3.5,Snowy
30,82,12,68,1000.06,1,3.5,Rainy
11,70,12,45,1001.01,2,8,Cloudy
11,35,11.5,89,954.53,14,18.5,Sunny
16,70,14,57,1015.77,0,4.5,Rainy
1,75,11.5,95,982.4,0,2.5,Snowy
21,21,6.5,9,1016.22,11,8.5,Sunny
42,45,3.5,3,1017.33,8,7.5,Sunny
-7,82,18.5,55,992.44,0,1,Snowy
-5,34,14.5,91,1125.08,6,2.5,Snowy
2,66,6,61,985.05,1,1.5,Snowy
28,70,10,76,1011.27,1,2.5,Rainy
17,51,2,20,1011.82,1,6,Cloudy
33,74,5.5,93,993.4,1,4.5,Rainy
-1,64,7.5,70,994.69,1,4.5,Snowy
30,88,12,84,1006.2,1,2,Rainy
28,36,4,5,1021.31,11,6,Sunny
43,92,14,72,1027.92,10,4.5,Sunny
1,60,18.5,64,994.13,0,5,Snowy
-3,101,28,84,991.4,11,6,Snowy
31,53,7.5,5,1023.5,10,9.5,Sunny
23,54,6,27,1010.01,1,5.5,Cloudy
37,73,11,84,1005.06,1,6.5,Cloudy
33,71,9.5,29,1016.66,3,5.5,Cloudy
33,30,4.5,10,1025.84,5,5.5,Sunny
19,75,13.5,10,1008.41,1,7.5,Cloudy
28,72,6,65,1013.91,3,3,Rainy
23,78,17.5,54,990.24,2,4,Rainy
31,94,16.5,65,1006.65,3,5,Rainy
40,27,4,6,1015.34,7,8.5,Sunny
18,62,12,87,1016.92,2,5,Rainy
32,69,6,13,1017.58,5,6.5,Sunny
22,91,5,68,990.91,1,1.5,Rainy
35,25,7.5,14,1022.54,5,5,Sunny
30,57,2.5,41,1017.86,2,6,Cloudy
12,64,1.5,38,1018.65,3,5.5,Cloudy
1,77,18.5,55,991.04,1,5,Snowy
0,79,14.5,98,980.72,1,2,Snowy
13,72,1.5,46,1000.55,4,8,Cloudy
-5,66,5.5,72,993.83,0,3,Snowy
24,70,12,16,1008,2,8,Cloudy
23,49,5.5,9,1011.81,9,8,Sunny
33,58,6.5,1,1026.56,8,5.5,Sunny
22,96,27.5,95,1004.06,9,2.5,Cloudy
24,27,9,12,1028.62,9,5,Sunny
11,68,8,73,995.42,3,2.5,Rainy
-10,99,5.5,94,994.11,0,3.5,Snowy
30,81,11,97,1018.76,1,3,Rainy
31,68,12.5,46,1003.94,2,8.5,Cloudy
0,86,0.5,79,984,0,2.5,Snowy
20,72,8,43,1016.74,3,8.5,Cloudy
16,82,5.5,82,1012.96,1,1.5,Rainy
22,74,16,82,994.28,2,4.5,Rainy
31,99,9.5,93,1018.47,3,3.5,Rainy
29,63,8.5,9,1018.05,9,7,Sunny
48,47,1.5,97,932.54,4,17,Sunny
36,60,7,9,1012.51,8,5.5,Sunny
39,68,5.5,2,1013.68,11,9.5,Sunny
23,79,9,14,1005.9,1,8,Cloudy
25,26,13,93,955.32,8,6.5,Sunny
4,88,7,85,988.15,1,1.5,Snowy
41,53,3.5,15,1027.23,6,9.5,Sunny
14,50,13.5,43,1011.2,4,8.5,Cloudy
22,49,0,10,1023.31,10,6.5,Sunny
1,83,6,54,982.91,0,4,Snowy
1,95,4,97,987.61,0,3,Snowy
32,61,10,96,1174.4,13,15,Cloudy
16,74,14,27,1009.27,3,8.5,Cloudy
47,105,19,76,1021.14,0,9.5,Sunny
12,73,13.5,17,1005.01,3,5.5,Cloudy
20,70,10,31,1001.78,1,7,Cloudy
33,57,14,12,1014.75,2,6,Cloudy
28,87,7.5,77,999.7,2,4,Rainy
-20,64,11.5,78,1007.36,14,16.5,Snowy
16,55,2.5,40,1003.02,3,7,Cloudy
0,71,19.5,53,980.18,0,4,Snowy
28,44,1,9,1015.33,9,6.5,Sunny
-2,82,19,93,990.9,1,2,Snowy
12,89,19,98,991.74,0,4.5,Rainy
-5,73,14.5,52,999.76,0,1.5,Snowy
25,81,8.5,53,1012.74,3,1,Rainy
21,54,0,16,1018.63,3,5.5,Cloudy
28,65,6.5,44,1015.54,2,5.5,Cloudy
11,60,9,47,1017.79,1,8.5,Cloudy
12,76,16,80,1001.06,2,1.5,Rainy
-5,94,14.5,57,999.98,0,3.5,Snowy
-4,66,11.5,70,995.27,0,4,Snowy
25,78,9.5,91,990.37,0,3.5,Rainy
21,66,0.5,74,927.33,13,19,Sunny
16,73,15,25,1001.1,3,8,Cloudy
25,24,7.5,6,1021.55,10,6.5,Sunny
-3,81,16,88,995.02,1,3,Snowy
17,63,4.5,35,1014.36,3,7.5,Cloudy
-10,72,1,94,995.23,0,2,Snowy
21,67,6,40,1014.39,3,6.5,Cloudy
34,74,0,87,1156.05,4,14.5,Rainy
33,96,12,104,999.8,13,1.5,Rainy
35,62,9,11,1027.05,10,8,Sunny
-6,85,4.5,92,993.68,1,3.5,Snowy
33,67,2.5,13,1024.45,10,5.5,Sunny
25,62,12,46,1001.77,4,7,Cloudy
-4,103,5,91,986.06,12,0.5,Snowy
32,66,14,90,990.8,1,1.5,Rainy
17,98,18,90,1007.51,7,5.5,Cloudy
38,32,2,18,1014.43,11,5.5,Sunny
-1,63,10,90,990.95,1,4.5,Snowy
31,78,8,37,1006.95,3,9,Cloudy
15,62,14.5,81,1006.97,3,4,Rainy
25,78,9.5,12,1002.12,3,5.5,Cloudy
41,73,6.5,96,1015.62,10,4,Sunny
-7,69,18,53,992.92,1,3.5,Snowy
42,21,1,4,1028.97,11,5.5,Sunny
16,57,4.5,46,1009.77,4,5,Cloudy
33,56,6.5,1,1029.19,9,9,Sunny
19,73,3,81,877.77,0,1,Sunny
27,100,18,76,1008.25,5,10.5,Cloudy
12,96,5.5,84,1010.32,3,4.5,Rainy
11,73,5.5,65,1015.14,2,1,Rainy
23,62,8,91,1004.57,2,5,Rainy
57,81,27.5,82,1011.1,10,2.5,Rainy
65,83,16.5,86,1012.01,5,9,Cloudy
38,37,5,2,1026.16,8,7,Sunny
29,66,1,12,1005.8,3,5.5,Cloudy
44,67,1.5,8,1021.24,9,9,Sunny
20,61,2.5,2,1029.84,6,5,Sunny
-5,69,9,52,984.19,1,2,Snowy
24,51,1,11,1016.66,11,6,Sunny
11,99,17.5,56,994.66,0,4.5,Rainy
9,57,1.5,33,1076.91,10,16,Rainy
12,53,7,22,1012.93,3,5.5,Cloudy
41,20,6.5,3,1024.98,10,10,Sunny
-3,97,4.5,77,985.01,1,4.5,Snowy
15,72,35.5,99,1012.96,1,5,Rainy
1,73,7,98,989.18,0,2.5,Snowy
21,32,2.5,3,1026.93,6,5.5,Sunny
28,26,8,15,1025.25,11,6.5,Sunny
34,74,2,24,1005.49,2,5.5,Cloudy
23,54,5,19,1023.24,10,6.5,Sunny
26,77,11.5,45,1019.53,1,7.5,Cloudy
28,65,0.5,16,1027.22,11,8,Sunny
20,67,13,47,1013.74,3,8,Cloudy
27,54,1,13,1009.82,2,5.5,Cloudy
-11,37,10,82,898.18,5,17,Rainy
4,65,16.5,91,982.75,0,3,Snowy
26,60,6,27,843.88,14,9.5,Snowy
38,78,3.5,85,1187.42,0,5,Snowy
24,101,27.5,86,1007.51,14,3,Cloudy
-6,97,5.5,61,996.98,0,3,Snowy
-7,70,5,82,999.14,1,2,Snowy
25,47,5,10,1026.95,6,10,Sunny
14,90,5.5,73,1018.61,3,5,Rainy
-16,25,12,92,846.18,6,13.5,Rainy
25,76,2.5,44,1019.94,3,5.5,Cloudy
21,79,11.5,13,1009.44,3,6.5,Cloudy
24,67,9.5,14,1013.7,9,7,Sunny
13,67,7,21,1018.83,1,8.5,Cloudy
57,109,13.5,109,999.4,4,4,Rainy
-15,79,14.5,28,1181.13,11,0.5,Cloudy
76,82,14,106,1023.29,12,8,Sunny
77,101,11,95,1024.51,2,7.5,Sunny
60,80,30,96,1012.37,0,1,Cloudy
33,36,5,9,1019.54,9,5.5,Sunny
-3,98,6.5,85,983.69,1,5,Snowy
48,22,14,51,1050.12,2,1,Snowy
17,68,17,58,994.11,0,4,Rainy
10,57,13,34,1012.71,2,5,Cloudy
40,33,10,0,1012.92,9,9,Sunny
-4,60,14,87,996.73,1,2.5,Snowy
24,49,2,2,1014.9,8,8,Sunny
14,94,11,63,1000.9,2,4,Rainy
37,86,9,93,1017.87,6,6,Sunny
22,86,17,65,1018.21,0,1,Rainy
13,61,2,21,1010.91,4,6.5,Cloudy
28,85,15.5,93,1013.07,12,10,Cloudy
30,48,1.5,16,1023.73,11,5.5,Sunny
42,21,7,14,1015.04,9,6,Sunny
3,60,18,61,990.68,1,2.5,Snowy
23,96,12,75,998.31,2,2,Rainy
4,89,10.5,89,981.38,6,0.5,Snowy
12,63,14,47,1017.14,2,7.5,Cloudy
30,68,7,15,1016.01,3,8,Cloudy
23,31,7.5,0,1015.02,10,7,Sunny
14,72,10,19,1001.46,4,8,Cloudy
-4,38,11,77,1111.95,3,17,Sunny
32,41,3.5,9,1016.91,8,9,Sunny
34,53,2.5,19,1027.71,10,8.5,Sunny
-10,72,6.5,98,988.11,0,4,Snowy
16,71,19,70,1008.4,2,2.5,Rainy
-5,88,19.5,71,997.25,0,3.5,Snowy
13,77,14,48,1017.33,2,6,Cloudy
32,51,12.5,41,1017.59,3,8.5,Cloudy
15,60,10.5,16,1009.03,2,6,Cloudy
26,77,15.5,69,1003.71,3,2.5,Rainy
15,99,11,55,990.28,2,1.5,Rainy
-10,74,13.5,83,998.28,0,2.5,Snowy
-19,34,15,98,1110.32,12,3,Sunny
31,90,5,57,996.58,3,5,Rainy
0,92,7,92,994.14,0,1,Snowy
0,80,18,90,994.11,0,3.5,Snowy
28,54,3,18,1014.78,8,9,Sunny
16,64,2,48,1000.6,1,6.5,Cloudy
21,78,1,20,1017.16,2,6,Cloudy
18,63,5,24,1005.59,4,8,Cloudy
30,76,11.5,45,1019.22,2,6.5,Cloudy
20,78,13,71,994.21,0,4,Rainy
10,71,10.5,33,1017.97,1,6,Cloudy
10,71,13.5,72,991.05,2,4,Rainy
-2,95,18.5,50,994.53,0,4,Snowy
11,54,1,25,1003.95,1,8,Cloudy
16,97,12,89,1002.71,2,3,Rainy
25,28,0,0,1018.63,7,7.5,Sunny
15,67,2.5,48,1006.11,4,8,Cloudy
23,56,13,16,1015.31,3,7,Cloudy
17,25,4,12,975.85,5,12.5,Sunny
38,35,3,9,1022.33,8,6.5,Sunny
36,56,0,2,1020.01,10,6,Sunny
-4,91,10.5,57,988.43,0,2,Snowy
23,47,7,14,1026.61,6,9.5,Sunny
27,79,3.5,18,1003.54,1,6.5,Cloudy
38,56,1,13,1017,9,7,Sunny
-8,93,7,89,985.65,1,2.5,Snowy
-4,70,17,52,980.7,0,4,Snowy
-3,85,19,88,999.98,0,4.5,Snowy
23,78,6.5,53,996.5,3,1,Rainy
-8,97,17,92,982.59,1,4,Snowy
26,60,8.5,25,1019.64,2,6,Cloudy
42,20,4.5,9,1028.46,8,5,Sunny
28,70,11,86,1014.57,0,3,Rainy
13,64,10,19,1004.04,3,6,Cloudy
55,89,16.5,93,1006.96,12,8.5,Cloudy
41,39,3,0,1013.5,6,6,Sunny
12,74,6.5,76,1009.38,3,5,Rainy
-5,106,32.5,102,987.89,2,0.5,Snowy
24,71,10.5,11,920.09,12,7.5,Cloudy
-5,83,19,89,994.15,1,3,Snowy
24,75,4,13,1017.97,3,8.5,Cloudy
20,61,10.5,30,1010.65,3,6,Cloudy
70,89,14.5,105,1011.2,14,4,Rainy
30,89,19,86,1010.22,0,2.5,Rainy
11,53,6.5,26,1018.19,4,7.5,Cloudy
-2,67,3,80,990.02,1,5,Snowy
27,63,6,80,1005.8,0,3.5,Rainy
20,85,33,86,997.36,0,2.5,Rainy
22,38,10,0,1027.37,9,9,Sunny
36,67,8,93,909.35,1,15,Rainy
31,75,13,61,1017.43,3,4,Rainy
33,27,8.5,11,1026.22,6,9.5,Sunny
2,98,6.5,89,995.47,1,1.5,Snowy
27,51,9,4,1010.29,8,7,Sunny
18,53,12,49,1008.45,4,9,Cloudy
27,72,14.5,17,1008.71,2,8,Cloudy
-1,96,15.5,94,989.32,1,2.5,Snowy
21,72,7.5,42,1005.63,1,7.5,Cloudy
35,97,18.5,96,1014,9,9.5,Cloudy
44,61,1,13,1027.37,6,9,Sunny
29,109,21,93,1018.98,9,7.5,Cloudy
40,46,2.5,3,1020.05,6,5.5,Sunny
23,30,9.5,4,1014.54,10,8.5,Sunny
-3,68,1,50,993.39,1,4,Snowy
24,78,8,29,1007.48,2,5,Cloudy
0,60,14,98,988.07,1,1.5,Snowy
21,76,3,101,1010.35,1,10,Cloudy
-12,59,12.5,56,1112.01,4,1.5,Sunny
29,74,2.5,29,1002.41,4,7,Cloudy
26,61,19.5,78,1001.66,3,4.5,Rainy
73,101,17,91,1024.85,4,2,Sunny
27,65,6.5,84,1010.16,1,2,Rainy
-9,98,15.5,95,988.17,1,5,Snowy
-6,71,8.5,96,985.8,0,2.5,Snowy
13,53,6,79,889.61,12,1,Sunny
27,46,6.5,8,1012.02,8,7.5,Sunny
22,54,6.5,2,1022.38,9,5.5,Sunny
27,68,12,23,819.83,8,2,Cloudy
20,85,8.5,81,1014.67,3,1,Rainy
42,66,7,19,1018.47,9,5.5,Sunny
0,79,9,92,996.34,2,4.5,Snowy
43,20,9,2,1016.94,6,5.5,Sunny
-2,83,9,63,983.32,1,2.5,Snowy
34,75,6,16,1001.93,4,7.5,Cloudy
26,34,1,10,1010.31,5,8,Sunny
17,66,15.5,95,1014.99,2,2.5,Rainy
28,82,12.5,89,1013.37,0,1.5,Rainy
-7,63,17.5,67,980.41,1,2,Snowy
36,36,7,72,986.32,8,5.5,Sunny
4,91,6,99,989.59,0,4.5,Snowy
-9,91,4,56,998.74,1,2.5,Snowy
31,51,6.5,17,1010.32,11,10,Sunny
-7,68,6.5,72,987.59,0,5,Snowy
16,74,10.5,25,1010.3,4,6.5,Cloudy
20,23,9.5,58,997.17,0,3,Snowy
6,81,2.5,109,994.04,14,2.5,Snowy
36,22,1,12,1023.33,8,8,Sunny
26,58,1,19,1013.17,9,6,Sunny
-9,96,2,56,998.94,1,2.5,Snowy
42,44,5,17,1015.53,6,8,Sunny
16,82,17,97,990.75,2,3.5,Rainy
24,98,11.5,63,1017.39,2,1.5,Rainy
5,106,20,82,981.79,8,0.5,Snowy
25,23,4.5,13,1014.45,11,6.5,Sunny
11,65,7.5,73,1002.92,2,3.5,Rainy
-17,58,12.5,86,999.82,2,16.5,Rainy
18,34,11.5,93,830.46,7,13,Snowy
43,45,3.5,15,1025.24,6,8.5,Sunny
23,35,3,9,1029.35,7,7.5,Sunny
26,68,5,44,1005.29,3,7.5,Cloudy
42,68,8,78,809.25,0,0.5,Rainy
24,44,8,1,1021.87,6,9.5,Sunny
-6,76,1,98,991.76,1,4,Snowy
38,40,9,52,902.13,10,8,Rainy
34,51,10,13,957.62,7,8.5,Cloudy
46,23,0,51,852.2,8,16,Cloudy
28,20,5.5,6,1012.95,5,8.5,Sunny
12,68,11.5,99,929.14,11,2,Rainy
66,107,13,109,1014.55,6,7,Cloudy
-2,50,4.5,13,1149.07,6,5,Cloudy
37,51,9.5,5,1025.58,5,8.5,Sunny
32,22,7.5,16,1013.16,10,8,Sunny
-7,61,2.5,79,990.5,0,3.5,Snowy
4,72,15.5,85,987.58,0,1.5,Snowy
33,98,10,65,1019.95,3,3,Rainy
4,99,8,72,994.81,0,3,Snowy
31,37,9.5,7,1029.3,8,8,Sunny
0,85,7.5,97,991.21,0,1.5,Snowy
24,69,1.5,40,1016.15,2,8.5,Cloudy
42,55,8,12,1019.58,6,8.5,Sunny
21,89,13,85,1006.31,2,4,Rainy
22,63,12.5,53,999.26,2,4.5,Rainy
31,62,9.5,34,1013.78,2,5,Cloudy
14,79,5,69,1013.9,1,3,Rainy
27,104,21.5,100,994.34,6,3.5,Rainy
2,72,12.5,90,998.38,1,2.5,Snowy
22,77,13,36,1019.44,2,5,Cloudy
-13,77,6.5,98,892.62,3,5,Snowy
-7,63,19,70,999.25,0,4.5,Snowy
42,58,6,3,1024.36,9,8,Sunny
36,22,0,3,1012.66,10,9,Sunny
12,50,3.5,25,1016.78,1,6,Cloudy
11,96,6,69,990.04,3,1,Rainy
4,62,4.5,95,872.6,2,10,Rainy
0,63,18,54,986.52,0,4,Snowy
22,57,3.5,17,1012.94,11,9,Sunny
29,42,0,14,1029.98,7,7.5,Sunny
18,64,12,19,1005.91,3,5.5,Cloudy
28,59,13,25,1010.5,3,8,Cloudy
10,76,11,12,1003.75,2,7.5,Cloudy
11,50,10.5,43,1001.03,3,8,Cloudy
-2,79,7.5,75,988.72,0,3.5,Snowy
24,28,4,3,1026.76,9,6,Sunny
30,57,5.5,26,1001.03,3,8.5,Cloudy
18,68,3,36,1005.69,1,5.5,Cloudy
10,65,7,21,1012.63,1,8,Cloudy
3,85,14.5,87,980.37,1,1,Snowy
2,62,9,71,998.28,0,1,Snowy
10,76,18,86,1008.39,0,5,Rainy
14,60,4.5,23,1019.56,1,6.5,Cloudy
18,64,15.5,96,997.09,1,4.5,Rainy
4,88,10,86,998.67,0,1.5,Snowy
36,30,2,17,1029.9,11,5.5,Sunny
-6,99,41,102,999.49,12,0.5,Snowy
38,62,0.5,6,1014.63,9,8,Sunny
11,55,0.5,16,1016.35,4,6.5,Cloudy
31,59,11,44,1002.75,4,8,Cloudy
33,30,5.5,92,1186.34,10,7.5,Snowy
10,60,2.5,20,1000.1,1,8.5,Cloudy
18,77,13.5,25,1006.22,4,5.5,Cloudy
24,69,8,52,1011.15,0,1.5,Rainy
1,92,11,80,999.17,0,4,Snowy
10,55,13,21,1017.82,2,8.5,Cloudy
26,39,9.5,6,1028.53,7,9,Sunny
32,39,7.5,3,1021.43,9,5.5,Sunny
11,67,15,88,1000.85,2,1.5,Rainy
-10,89,3.5,92,980.34,0,2.5,Snowy
24,67,12.5,58,1013.67,0,4,Rainy
0,69,6,98,997.78,0,4.5,Snowy
37,29,6,17,1028.59,5,9.5,Sunny
29,63,10.5,76,945.26,14,7,Rainy
-13,61,2,81,908.07,6,11,Cloudy
14,76,4,47,1017.23,1,7.5,Cloudy
36,29,7.5,8,1025.76,9,8,Sunny
35,63,6,10,1015.73,5,8,Sunny
21,94,17.5,81,1011.44,2,3.5,Rainy
41,31,1.5,7,1028.34,5,6,Sunny
22,48,2,18,1015.1,7,9,Sunny
21,62,2.5,5,1021.28,10,9.5,Sunny
19,57,13,17,1014.16,3,8,Cloudy
32,61,16.5,72,1008.85,1,2,Rainy
-10,69,12,86,985.56,1,1,Snowy
4,55,4.5,90,1171.78,0,10,Snowy
27,53,13,29,1018.62,4,6.5,Cloudy
41,45,1.5,14,1016.79,8,9,Sunny
1,76,20,91,984.85,0,1.5,Snowy
25,94,13.5,99,1005.95,10,1.5,Cloudy
-1,43,9.5,70,964.74,4,8,Snowy
15,58,6,11,1012.18,1,7.5,Cloudy
4,63,2,74,995.02,1,1,Snowy
29,37,4,6,1015.28,10,7,Sunny
47,92,0,78,1024.73,12,4,Sunny
-10,85,19,71,989.02,0,2.5,Snowy
15,79,16,72,997.07,3,4,Rainy
-5,60,2,94,993.24,1,3,Snowy
30,76,8,44,1019.75,4,5.5,Cloudy
32,62,0.5,1,1024.59,11,6.5,Sunny
-2,91,14.5,69,998.51,1,3,Snowy
33,85,9,54,1007.49,1,1.5,Rainy
-6,97,7,52,985.41,0,3,Snowy
-4,67,5.5,62,987.01,1,4.5,Snowy
30,72,6.5,94,999.3,0,5,Rainy
30,68,17,74,1017.1,2,3.5,Rainy
60,109,10,105,1017.33,10,6.5,Sunny
28,62,6.5,69,994.82,1,3,Rainy
-1,72,13,74,986.98,1,1,Snowy
36,47,4.5,37,1087.2,5,13.5,Rainy
27,57,9,8,1012.13,11,6,Sunny
27,56,11,16,1014.73,4,6.5,Cloudy
25,84,15.5,91,1018.5,6,8,Sunny
21,50,0,9,1011.39,7,6.5,Sunny
67,95,41.5,79,1002.83,9,3,Rainy
2,65,19,63,990.69,1,4.5,Snowy
-9,79,3.5,92,990.14,1,1.5,Snowy
22,74,5.5,25,1019.5,2,7,Cloudy
18,68,19,85,992.68,1,1.5,Rainy
21,30,4,8,1021.37,5,9,Sunny
28,99,11,82,1008.11,3,4.5,Rainy
13,71,6,54,1011.35,3,1.5,Rainy
24,50,9.5,10,1010.49,7,7,Sunny
44,45,3.5,14,1024.65,7,8,Sunny
25,75,11,67,1032.76,13,3.5,Snowy
9,77,8.5,21,887.74,5,14,Snowy
42,59,10.5,17,1149.76,13,1,Sunny
18,94,18.5,67,1019.23,3,2.5,Rainy
35,25,1.5,94,800.23,4,5,Snowy
14,73,8.5,64,1001.87,3,2.5,Rainy
25,30,1.5,18,1013.47,10,7.5,Sunny
16,71,15,43,1007.61,2,5.5,Cloudy
26,97,18,61,1019.45,3,1.5,Rainy
19,98,13,82,1018,3,3.5,Rainy
-10,76,4.5,99,982.04,1,2,Snowy
4,70,5.5,56,982.94,1,4,Snowy
-8,86,19.5,97,980.75,1,1,Snowy
-3,83,16,90,991.07,0,3,Snowy
27,61,2.5,51,1045.38,4,7,Cloudy
15,79,7.5,39,1018.48,1,9,Cloudy
38,47,3,18,1015.46,5,6.5,Sunny
21,92,7.5,69,996.42,2,2,Rainy
-7,94,3,98,994.79,0,4.5,Snowy
21,84,2.5,87,1025.02,4,4,Sunny
21,93,13.5,87,1016.31,1,1.5,Rainy
21,76,11.5,30,1003.34,3,6,Cloudy
0,68,16,91,998.36,1,2,Snowy
36,26,9,5,1016.29,6,6,Sunny
64,109,35.5,95,1003.19,12,4.5,Cloudy
24,69,4,12,1027.77,10,9.5,Sunny
34,95,15.5,90,1016.63,11,11.5,Sunny
33,49,9,5,1022.71,9,9,Sunny
46,81,20.5,107,1005.27,14,4,Cloudy
-3,90,16.5,55,988.24,1,1.5,Snowy
13,56,3.5,15,1002.48,2,7,Cloudy
41,101,19,78,1023.28,9,3.5,Sunny
27,85,10,68,1015.94,0,3.5,Rainy
-10,79,18.5,96,986.35,0,1.5,Snowy
10,97,6,94,1002.36,0,4.5,Rainy
21,33,3,3,1021.58,7,6.5,Sunny
-8,33,5,14,1135.31,9,16,Snowy
20,69,17,87,1007.12,3,2.5,Rainy
27,58,14.5,13,1016.87,4,7.5,Cloudy
28,71,9,66,1007.58,1,2,Rainy
20,89,18,68,1019.78,2,4.5,Rainy
-7,89,0.5,76,994.46,1,2,Snowy
33,72,11,18,1010.18,1,8.5,Cloudy
28,79,13,50,1015.66,0,4,Rainy
-8,92,11.5,54,994.5,1,3,Snowy
39,66,5,11,1024.35,5,9,Sunny
19,72,7,57,1001.28,0,3.5,Rainy
-2,65,8,51,982,1,4.5,Snowy
22,86,5.5,94,999.78,3,1,Rainy
31,67,13.5,54,1014.14,0,2.5,Rainy
15,61,7,40,1003.17,2,7,Cloudy
-9,46,6.5,35,978.59,7,0.5,Cloudy
28,60,5.5,28,1000.63,1,9,Cloudy
13,93,18,94,995.06,1,2.5,Rainy
-8,39,5.5,55,1073.46,6,17,Snowy
15,76,5,73,1012.14,8,12,Cloudy
23,75,16.5,86,1017.64,2,1.5,Rainy
30,66,18,87,1015.52,0,4.5,Rainy
0,98,7,66,986.05,0,3.5,Snowy
17,62,9,11,1016.34,2,7.5,Cloudy
15,99,30.5,85,1015.02,3,2,Cloudy
20,67,1.5,42,1007.52,4,7,Cloudy
23,77,7.5,49,1010.4,2,8.5,Cloudy
11,53,5.5,13,1016.57,3,6.5,Cloudy
-7,67,18,50,999.37,1,1.5,Snowy
34,60,11.5,42,1001.32,1,6.5,Cloudy
-5,89,5,64,994.57,0,5,Snowy
14,75,4,10,1000.16,4,6,Cloudy
42,55,5.5,15,1027.66,6,7.5,Sunny
32,21,2.5,8,1029.34,7,9,Sunny
34,66,8.5,95,1023.42,10,16.5,Snowy
35,65,9.5,12,1018.19,7,5.5,Sunny
18,64,19.5,98,1003.54,1,3.5,Rainy
-10,85,8,69,985.76,1,1.5,Snowy
-9,71,9,50,994.09,1,2.5,Snowy
32,60,11,49,1007.94,1,6.5,Cloudy
27,69,4.5,4,1011.56,7,9.5,Sunny
30,107,20.5,84,1006.47,5,10,Cloudy
-10,67,1,59,983.52,0,5,Snowy
-4,78,9,58,991.09,1,2,Snowy
19,45,2.5,35,1168.72,10,11.5,Cloudy
32,31,3.5,9,1026.58,8,9,Sunny
23,90,13.5,53,992.4,3,3,Rainy
5,68,0.5,89,836.82,12,12,Rainy
20,94,13.5,105,1025.18,4,7.5,Sunny
18,51,7,38,1005.6,3,8.5,Cloudy
11,67,8.5,59,1004.46,2,4.5,Rainy
1,60,2.5,61,995.83,1,2.5,Snowy
4,74,8.5,91,994.86,1,2.5,Snowy
6,78,5,20,1122.45,9,7.5,Sunny
22,79,3.5,37,1008.08,3,7,Cloudy
10,69,10.5,10,1007.75,1,7,Cloudy
21,60,17.5,62,1010.93,0,3.5,Rainy
23,70,14.5,64,1014.51,3,3.5,Rainy
0,63,6.5,63,989.02,0,1.5,Snowy
25,49,9,17,1016.51,5,6.5,Sunny
-7,94,16.5,86,995.55,1,3.5,Snowy
30,61,12,20,1018.24,1,5.5,Cloudy
0,94,7.5,63,981.13,0,2,Snowy
25,109,21,80,1014.22,0,8,Cloudy
29,74,6.5,33,1010.9,1,8,Cloudy
10,77,18,62,1002.6,3,3,Rainy
-7,52,1.5,24,1078.7,10,4.5,Snowy
23,64,7.5,47,1015.4,4,6,Cloudy
-3,86,10.5,60,997.64,1,1.5,Snowy
1,79,19,95,987.57,13,2,Snowy
3,96,4,95,992.62,1,4,Snowy
26,53,9,2,1022.27,9,9,Sunny
18,68,13,32,1006.26,3,5.5,Cloudy
-4,97,18.5,86,985.92,0,1,Snowy
14,66,4,29,1009.07,1,6.5,Cloudy
-6,75,13.5,54,991.67,0,2,Snowy
-4,89,18,87,987.18,1,3,Snowy
14,92,13,98,1005.5,1,3.5,Rainy
17,85,16.5,79,1017.45,3,4,Rainy
25,51,7,18,1028.26,8,9.5,Sunny
34,78,13.5,17,1014.32,3,9,Cloudy
21,57,1,21,1014.06,3,7.5,Cloudy
17,91,23,83,1006.18,9,5.5,Cloudy
37,66,6,11,1029.68,9,10,Sunny
11,67,8,17,1005.72,4,6,Cloudy
11,52,2.5,44,1004.77,2,8.5,Cloudy
30,84,5.5,106,1002.48,6,2.5,Cloudy
-8,75,9.5,56,998.57,0,5,Snowy
3,85,40.5,96,990.66,0,4,Snowy
18,61,13.5,28,1016.33,3,6,Cloudy
25,20,0,1,1015.75,11,9,Sunny
27,63,7.5,45,1016.25,3,5.5,Cloudy
6,76,12,32,976.45,7,3,Cloudy
-7,74,0.5,72,982.31,1,3,Snowy
2,88,3.5,65,980.94,1,1,Snowy
-6,87,11.5,109,993.89,11,3,Snowy
58,76,26.5,97,1006.48,7,7,Cloudy
40,32,3,4,1010.25,7,7.5,Sunny
-4,69,14.5,37,1174.37,1,19,Rainy
41,41,9,3,1025.31,11,6,Sunny
36,39,10,6,1013.25,10,9,Sunny
-1,61,0,73,985.88,0,2,Snowy
28,92,18,98,1004.7,0,4.5,Rainy
-4,84,13.5,99,992.85,1,1.5,Snowy
10,87,12.5,57,993.1,3,5,Rainy
14,81,6.5,82,1010.85,0,2,Rainy
16,69,8.5,22,1006.42,3,8,Cloudy
-10,80,17,84,980.93,1,2.5,Snowy
17,81,30.5,88,994.03,1,5,Rainy
18,79,10.5,37,1016.76,3,8,Cloudy
19,65,3,41,1012.48,2,6.5,Cloudy
31,55,8,33,1006.48,1,6.5,Cloudy
28,67,10,42,1011.76,2,5,Cloudy
2,72,16.5,57,994.53,1,4.5,Snowy
-2,79,3,98,988.81,1,3,Snowy
-9,92,6.5,90,998.63,1,5,Snowy
5,37,13.5,84,1104.6,14,19,Sunny
19,72,1,33,1010.56,4,5.5,Cloudy
-7,86,17,95,999.62,1,1,Snowy
68,70,2,71,1013.06,4,8,Sunny
12,78,11,66,1006.86,0,3,Rainy
39,63,1.5,15,1027.49,10,9.5,Sunny
49,28,14.5,64,1135.33,12,12,Sunny
41,39,8,8,1017.26,9,6.5,Sunny
0,92,16.5,80,987.42,1,4,Snowy
3,91,9.5,64,993.39,1,2,Snowy
4,66,3.5,95,994.68,0,4.5,Snowy
33,63,5,96,1019.09,0,2,Rainy
31,44,5.5,83,925.06,12,8,Snowy
29,65,1,5,1014.66,5,8.5,Sunny
11,65,6,53,1003.38,1,4.5,Rainy
-2,66,18.5,76,987.65,1,5,Snowy
23,99,15.5,80,1004.44,0,1,Rainy
39,26,6,8,1017.33,5,8.5,Sunny
1,93,14,56,992.89,0,2.5,Snowy
26,73,0.5,24,1006.51,1,5.5,Cloudy
-7,99,2.5,53,997.66,0,4.5,Snowy
53,90,16.5,78,1014.31,12,3,Cloudy
22,24,8,3,1029.3,8,10,Sunny
20,60,0.5,18,1015.43,9,9,Sunny
-8,72,2.5,86,992.17,0,3.5,Snowy
11,72,1,46,1015.33,2,5,Cloudy
24,53,4,28,1010.46,1,7.5,Cloudy
28,69,8.5,83,1012.89,2,1,Rainy
21,75,1,15,1005.52,1,8.5,Cloudy
16,71,9.5,17,1014.68,4,6,Cloudy
17,77,11.5,46,1011.69,2,5.5,Cloudy
-12,70,31.5,99,994.49,10,3,Snowy
44,60,10,17,1019.82,9,6.5,Sunny
10,92,5,56,1006.85,2,1.5,Rainy
-10,71,12.5,67,992.89,0,4,Snowy
3,91,17.5,94,998.51,0,1.5,Snowy
28,63,13.5,93,994.29,2,3,Rainy
16,70,15,59,996.48,0,4,Rainy
1,85,4,59,983.49,1,3.5,Snowy
22,51,7,27,1014.24,3,5,Cloudy
30,54,1,19,1018.26,5,7.5,Sunny
10,81,11.5,75,1006.82,3,3.5,Rainy
2,75,2.5,74,998.57,1,2.5,Snowy
23,51,2.5,1,1018.72,9,5.5,Sunny
21,60,2.5,2,1018.96,10,6.5,Sunny
18,53,8.5,68,919.56,4,6.5,Sunny
19,74,7.5,92,993.95,0,2,Rainy
26,76,2.5,40,1000.01,4,6.5,Cloudy
-1,79,20,70,997.21,1,4.5,Snowy
-1,60,1.5,62,982.73,0,3,Snowy
10,83,11.5,72,1005.5,1,3.5,Rainy
17,81,18,89,995.4,2,1.5,Rainy
25,57,4.5,24,1006.4,4,8.5,Cloudy
46,24,9.5,81,926.59,0,12.5,Rainy
5,57,6.5,72,1135.48,4,6.5,Cloudy
20,32,7,5,1019.85,9,6,Sunny
40,37,8.5,2,1025.95,11,5.5,Sunny
14,69,2,23,1013.26,1,5,Cloudy
1,96,13.5,81,982.25,0,3,Snowy
42,33,2,14,1015.7,5,9,Sunny
12,97,13,60,1019.8,0,3,Rainy
-4,94,16,85,981.71,1,2.5,Snowy
27,38,4.5,0,1021.59,9,8,Sunny
11,72,16.5,103,1001.75,2,9.5,Cloudy
20,57,9.5,5,1028.05,5,5.5,Sunny
43,102,1,88,1027.93,4,10,Sunny
47,40,10.5,54,1182.46,8,19,Sunny
4,60,18,63,987.74,1,5,Snowy
30,61,7,17,1002.87,3,9,Cloudy
13,55,11,17,1000.1,4,5.5,Cloudy
11,69,1,27,1148.7,12,16.5,Cloudy
28,44,14,46,929.19,1,3.5,Cloudy
41,20,4.5,2,1021.26,5,6,Sunny
-5,79,2,61,982.37,1,5,Snowy
39,55,7.5,0,1011.05,5,7,Sunny
-1,94,16.5,75,983.34,1,1,Snowy
32,34,2.5,10,1018.8,11,9.5,Sunny
13,60,1.5,31,1006.12,4,6.5,Cloudy
72,101,26.5,75,1019.21,14,1.5,Cloudy
12,72,0,36,1010.8,4,7.5,Cloudy
34,57,6,39,1007.32,3,6.5,Cloudy
33,55,10.5,42,1017.01,4,7,Cloudy
37,29,3.5,10,1016.42,9,8.5,Sunny
33,78,5.5,92,994.83,0,1.5,Rainy
12,76,11.5,89,1013.18,1,2.5,Rainy
1,96,14.5,65,985.89,1,3,Snowy
25,75,9,13,1010.59,2,5.5,Cloudy
29,54,9,14,1022.36,11,9,Sunny
31,42,7,16,1029.16,10,8.5,Sunny
16,85,19.5,52,995.61,2,3,Rainy
30,51,6,15,1012.33,8,5,Sunny
23,95,23.5,83,1003.38,7,6.5,Cloudy
1,91,13,80,990.88,1,3,Snowy
30,41,5.5,5,1021.61,10,9.5,Sunny
35,42,4.5,10,1016.98,7,7,Sunny
20,22,8,17,1025.34,11,5.5,Sunny
-9,71,13,70,995.26,0,5,Snowy
1,61,2.5,89,993.16,1,3.5,Snowy
21,53,3.5,11,1024.94,8,9.5,Sunny
11,69,7,28,1006.53,1,7,Cloudy
26,63,6,65,991.68,1,3,Rainy
19,56,0.5,24,1013.06,1,5.5,Cloudy
11,76,19.5,92,999.56,1,4,Rainy
-7,99,13,58,983.05,1,1,Snowy
15,52,8.5,41,1000.77,3,8,Cloudy
18,66,7.5,44,1005.03,3,6,Cloudy
4,97,18,58,980.6,0,1,Snowy
30,61,14,67,1002.87,0,4.5,Rainy
34,76,2.5,41,1001.27,3,8,Cloudy
62,91,9.5,79,1002.43,11,6.5,Cloudy
1,72,10.5,89,997.46,0,1.5,Snowy
14,96,13.5,54,1017.92,3,5,Rainy
-2,60,12.5,69,988.85,1,4,Snowy
48,85,15,99,1012.48,14,1,Rainy
17,66,6.5,21,1014.07,4,5.5,Cloudy
24,53,1,40,1019.95,3,8.5,Cloudy
0,97,14,66,999.94,1,2,Snowy
46,38,8,39,804.35,10,14,Sunny
41,28,5,5,1014.67,7,9.5,Sunny
20,68,1,42,1010.27,4,5.5,Cloudy
1,64,19.5,52,992.43,1,3.5,Snowy
1,91,11,80,981.37,0,3,Snowy
43,101,10,100,1023.74,9,11,Sunny
43,67,9,1,1021.86,6,8.5,Sunny
14,82,19,78,1006.01,0,3,Rainy
33,61,6.5,19,1029.49,6,7.5,Sunny
26,89,6.5,81,999.23,0,3,Rainy
-3,85,13.5,53,992.51,0,1,Snowy
15,85,19.5,51,1002.6,3,2.5,Rainy
30,76,11.5,42,1007.52,2,5.5,Cloudy
-16,77,22.5,75,985.52,13,3,Snowy
72,77,18.5,105,1029.1,2,10.5,Sunny
-4,92,13.5,99,982.61,0,1,Snowy
-20,89,12.5,106,990.89,5,1,Snowy
38,88,19.5,85,1009.03,0,4.5,Cloudy
53,81,0,84,1018.81,12,5,Sunny
31,60,8.5,30,1001.67,2,6.5,Cloudy
24,73,7,87,1006.09,0,2,Rainy
15,76,9,81,1019.12,1,4.5,Rainy
34,57,3,1,1022.08,9,7.5,Sunny
0,60,13,97,987.93,0,1.5,Snowy
36,86,18.5,76,1009,9,5,Cloudy
-9,98,2.5,61,994.1,1,2,Snowy
32,40,3,29,1035.69,9,8,Snowy
20,98,16.5,55,1017.84,0,1,Rainy
12,69,6,90,1005.47,2,1.5,Rainy
15,89,13,58,999.24,3,4.5,Rainy
1,67,3,76,986.57,0,4,Snowy
37,47,1,2,1012.77,7,6.5,Sunny
-4,76,3,91,991.95,1,3,Snowy
-10,75,9.5,71,986.43,0,4,Snowy
-10,83,0,81,983.7,1,2,Snowy
17,84,13.5,86,1005.84,3,3.5,Rainy
19,102,13,80,1013.43,12,2,Sunny
-14,37,10.5,63,965.66,3,12.5,Rainy
21,67,4.5,5,1010.8,6,6,Sunny
-1,78,11,95,999.15,0,4,Snowy
-9,72,6,66,993.68,1,4,Snowy
33,78,11,32,1008.82,4,7,Cloudy
29,93,8.5,74,1013.89,0,4.5,Rainy
-7,75,12.5,94,981.44,0,3.5,Snowy
4,81,2.5,93,985.74,1,4,Snowy
32,94,13,80,992.52,2,3.5,Rainy
26,64,8,4,1020.86,9,9.5,Sunny
24,39,6.5,2,1017.18,5,5,Sunny
1,88,2.5,70,998.54,1,2,Snowy
46,31,7.5,84,1019.4,6,7.5,Rainy
9,83,19.5,91,999.89,10,1,Rainy
1,87,37.5,81,991.88,14,0.5,Snowy
17,56,13.5,17,1017.46,2,7.5,Cloudy
-1,62,18.5,58,998.65,0,2,Snowy
37,32,7.5,28,840.97,5,9.5,Snowy
27,102,5.5,74,1016.58,6,6,Cloudy
-3,77,15.5,51,999.67,0,2.5,Snowy
2,96,8.5,65,999.35,0,3,Snowy
27,21,5.5,15,1012.32,11,8,Sunny
70,70,16.5,83,1006.92,12,2.5,Cloudy
15,72,0.5,44,1005.69,2,9,Cloudy
-5,96,4,84,995.31,0,1.5,Snowy
28,26,11.5,94,853.83,11,1.5,Sunny
-3,62,5.5,96,985.36,0,1.5,Snowy
29,25,0.5,6,1017.11,8,10,Sunny
9,38,8.5,75,1161.21,10,7,Cloudy
14,76,17.5,55,992.56,1,3,Rainy
22,63,6.5,58,1007.89,1,3,Rainy
20,60,5,91,1008.09,0,3,Rainy
33,75,1,44,1014.29,2,7.5,Cloudy
29,92,12,50,995.57,1,2,Rainy
29,71,10.5,16,1000.38,1,5.5,Cloudy
31,71,3,36,1010.9,4,6.5,Cloudy
31,58,15,46,1001.9,4,5.5,Cloudy
43,30,2,7,1021.85,7,7,Sunny
30,99,19,83,1001.66,11,7.5,Cloudy
1,85,25.5,97,994.18,9,3.5,Snowy
5,79,27,93,988.84,2,2,Snowy
29,22,1.5,2,1023.99,8,5,Sunny
-7,61,13,51,996.67,0,3.5,Snowy
38,88,23.5,78,1002.81,6,6.5,Cloudy
-9,71,14.5,84,991.36,1,2,Snowy
14,61,8.5,54,1015.06,3,4,Rainy
14,83,15.5,77,1002.25,3,4,Rainy
26,68,9.5,18,1014.65,5,8,Sunny
10,85,13.5,66,996.77,1,2,Rainy
16,88,12.5,53,994.58,2,1.5,Rainy
7,85,46,87,980.92,9,5.5,Snowy
35,67,7,15,1024.13,7,7.5,Sunny
30,78,15.5,93,996.39,3,3.5,Rainy
46,69,2.5,22,1026.01,3,5,Snowy
19,76,4.5,29,1009.03,3,7,Cloudy
33,63,7,98,992.89,0,3,Rainy
27,85,11.5,63,1004.88,0,4.5,Rainy
55,84,19,71,1020.1,5,7.5,Sunny
27,69,2,38,1012.33,3,5,Cloudy
27,52,14.5,29,1001.3,2,6.5,Cloudy
21,102,20,76,1019.41,14,1.5,Cloudy
-7,77,1.5,66,991.73,0,4,Snowy
24,96,15,96,1006.18,1,1.5,Rainy
-1,76,2,84,997.02,1,1,Snowy
-5,73,6.5,90,986.96,1,4,Snowy
-10,86,20,68,993.28,1,4.5,Snowy
19,91,15,61,1016.72,3,2.5,Rainy
41,27,13,57,960.63,5,16,Rainy
29,21,2.5,19,1012.75,6,8.5,Sunny
7,90,20,94,1008.08,11,2,Rainy
10,98,25,104,1016.82,2,1.5,Rainy
25,68,3.5,6,1016.07,11,8,Sunny
34,55,1.5,12,1027.21,11,10,Sunny
27,72,1,29,1003.38,1,6,Cloudy
49,60,11.5,23,1168.21,7,9,Rainy
22,60,19.5,79,998.11,3,4,Rainy
24,81,16,102,1004.86,4,4.5,Cloudy
32,78,16,52,997.01,3,3.5,Rainy
34,78,11,71,996.85,3,4.5,Rainy
-4,76,19.5,97,986.84,1,2.5,Snowy
27,63,9,72,1000.61,0,4,Rainy
-11,107,15.5,96,990.58,12,1.5,Snowy
17,100,22.5,103,995.95,3,1.5,Rainy
-6,88,0,92,983.02,0,1.5,Snowy
40,54,5.5,1,1012.63,10,10,Sunny
26,87,16,62,1009.56,3,2.5,Rainy
22,37,0.5,0,1024.23,8,5.5,Sunny
41,62,5,3,1025.98,9,5.5,Sunny
-10,74,0,33,1171.26,12,13,Rainy
23,38,8,5,1024.54,11,7.5,Sunny
11,69,11.5,52,1017.58,2,3.5,Rainy
11,65,9.5,92,1012.44,1,2.5,Rainy
33,86,7.5,69,993.1,1,5,Rainy
4,84,8.5,72,993.53,0,4,Snowy
-7,94,15,54,994.51,1,1.5,Snowy
27,59,6,0,1015.53,10,7,Sunny
1,86,0.5,72,994.27,1,4,Snowy
23,57,1,14,1018.4,11,9,Sunny
32,61,11,26,1007.59,2,6.5,Cloudy
39,22,4,13,1016.5,7,5.5,Sunny
32,86,12,65,990.41,2,4,Rainy
44,73,23,77,1014.05,7,6.5,Cloudy
25,79,10.5,11,1004.03,4,7.5,Cloudy
1,84,1,72,989.89,0,4.5,Snowy
13,53,8.5,33,1005.78,5,10.5,Cloudy
13,60,10.5,76,881.44,12,3,Cloudy
25,68,4,32,1009.22,2,5.5,Cloudy
32,50,9.5,4,1014.8,5,6.5,Sunny
43,63,2,16,1026.88,10,5,Sunny
21,58,0.5,12,1012.28,4,6.5,Cloudy
18,101,18,97,1023.5,5,3,Sunny
-7,92,7.5,56,995.37,0,1.5,Snowy
10,63,0.5,11,1015.01,2,6,Cloudy
67,86,8,92,1029.38,1,5.5,Sunny
-5,68,16,53,992.35,1,3.5,Snowy
23,73,10,90,1006.81,1,2,Rainy
21,71,5,98,1000.06,0,4.5,Rainy
48,103,21,92,1013.95,8,2.5,Cloudy
-11,48,8,56,885.49,12,3.5,Cloudy
21,26,5.5,75,1010.06,2,6,Cloudy
0,69,3.5,73,980.46,0,1.5,Snowy
26,64,4.5,23,1002.01,2,5.5,Cloudy
4,67,0,72,998.78,1,4.5,Snowy
28,47,6,11,1029.11,7,6,Sunny
-7,69,14.5,74,986.83,1,3.5,Snowy
40,64,8,5,1010.18,6,5,Sunny
2,62,0.5,59,980.81,0,4,Snowy
15,76,1,31,1006.98,4,7,Cloudy
10,70,17,57,994.93,3,5,Rainy
18,88,7,65,995.42,2,2,Rainy
29,96,11.5,79,1013.23,0,1,Rainy
41,55,4,11,1015.43,11,6.5,Sunny
2,89,14.5,65,995.91,1,4,Snowy
36,37,5.5,0,1024.56,7,9.5,Sunny
36,69,3.5,13,1011.37,10,5.5,Sunny
33,74,7,55,1016.64,3,2.5,Rainy
-6,82,6.5,76,983.94,1,2.5,Snowy
-1,99,12.5,65,992.26,0,4,Snowy
2,76,4,64,997.51,1,2.5,Snowy
2,94,16,53,994.07,1,2,Snowy
32,80,15.5,61,1012.02,0,4,Rainy
31,42,5.5,12,1017.8,6,5.5,Sunny
29,90,18.5,57,1004.04,2,3.5,Rainy
36,57,6,7,1029.06,8,10,Sunny
38,26,6.5,15,1013.49,6,9,Sunny
4,67,2,87,989.93,0,2.5,Snowy
21,86,18,65,1001.12,3,2.5,Rainy
-2,74,0.5,37,993.32,2,4.5,Sunny
0,82,18.5,88,989.19,0,1,Snowy
11,73,7.5,17,1004.39,2,7.5,Cloudy
18,95,6.5,70,1001.9,3,4,Rainy
20,51,1,5,1021.11,6,5,Sunny
-6,66,20,61,981.8,0,1,Snowy
-6,24,9,47,1047.84,1,6.5,Sunny
-6,66,7,95,992.79,0,3,Snowy
22,91,11,55,1001.55,3,4.5,Rainy
-18,22,15,30,863.76,13,6,Sunny
-4,90,10,62,995.39,1,5,Snowy
20,65,3,4,1013.44,7,6,Sunny
25,39,6.5,4,1020.51,7,9.5,Sunny
44,58,3.5,14,1027.14,5,8.5,Sunny
19,74,9,75,1004.9,2,1.5,Rainy
22,89,6,76,1015.07,1,2,Rainy
20,24,5,15,1015.21,9,7,Sunny
12,60,8,32,1017.74,3,8,Cloudy
-1,31,8,43,861.2,0,4,Sunny
34,42,3.5,18,1027.21,11,7.5,Sunny
39,53,2,2,1023.73,5,9,Sunny
40,54,7.5,5,1016,10,6,Sunny
-7,78,22.5,90,991.29,4,1.5,Snowy
-2,74,6,67,986.08,1,3,Snowy
-7,66,12.5,78,991.7,1,5,Snowy
20,67,13,15,1010.2,2,5,Cloudy
63,70,22.5,81,1015.23,2,8.5,Cloudy
23,25,2.5,12,1012.08,8,6.5,Sunny
-2,101,12,75,989.34,8,3.5,Snowy
-1,63,13.5,91,997.24,1,5,Snowy
22,74,18.5,106,990.13,9,0.5,Rainy
22,56,0,5,1019.52,10,9.5,Sunny
-8,88,11.5,52,984.01,1,2,Snowy
-3,84,1.5,62,987.14,0,3.5,Snowy
42,103,2,80,1015.23,6,5.5,Cloudy
11,79,13.5,59,995.65,0,2,Rainy
24,94,17,80,997.64,0,1,Rainy
32,54,11,46,1009.87,2,7,Cloudy
44,65,3,19,1023.68,5,8,Sunny
2,93,16.5,74,984.55,0,3.5,Snowy
41,46,4,17,1029.29,11,9.5,Sunny
24,54,3,23,1013.48,2,7.5,Cloudy
26,70,9.5,97,1012.6,2,3,Rainy
4,90,17.5,53,985,1,2,Snowy
27,28,6.5,15,1024.17,10,8,Sunny
32,78,8,59,993.87,2,2,Rainy
13,67,11,38,1018.08,3,6,Cloudy
23,54,6,4,1013.62,11,6,Sunny
30,90,19,57,1013.37,3,1,Rainy
20,77,8.5,97,998.6,2,3.5,Rainy
-2,97,13,95,999.59,0,4.5,Snowy
28,45,7.5,1,1019.2,9,5,Sunny
23,87,6,78,1002.02,2,1.5,Rainy
34,61,1.5,48,1004.8,4,6.5,Cloudy
34,36,3,2,1023.66,9,9,Sunny
32,51,2,7,1019.44,11,8,Sunny
15,73,6.5,36,1001.9,1,6.5,Cloudy
43,23,5,12,1019.11,8,6.5,Sunny
25,69,2,29,1014.87,2,5,Cloudy
-7,85,16.5,86,986.51,0,4,Snowy
-10,35,2,98,974.79,13,4.5,Cloudy
32,96,15,66,992.73,1,4,Rainy
20,82,9.5,89,1002.04,1,4,Rainy
30,65,12.5,88,996.55,1,3.5,Rainy
4,68,14.5,55,983.03,1,5,Snowy
44,80,2,71,1019.3,5,2.5,Sunny
29,33,8.5,14,1021.12,10,5.5,Sunny
22,53,5.5,13,1012.65,1,5,Cloudy
21,43,0,6,1015.69,10,7,Sunny
12,89,6.5,86,992.27,2,1.5,Rainy
34,74,9,31,1014.22,4,8.5,Cloudy
31,45,2,1,1025.05,5,8,Sunny
5,81,42.5,93,981.93,3,4.5,Snowy
27,79,2,47,1010.62,1,7.5,Cloudy
5,109,32,71,990.96,7,2,Snowy
29,70,12,26,1004.95,4,7,Cloudy
-9,80,26,108,982.94,10,2.5,Snowy
65,108,24.5,101,1004.05,10,2.5,Rainy
28,59,5.5,47,1018.25,4,8.5,Cloudy
42,55,0.5,1,1012.65,6,9,Sunny
-4,96,3,88,994.41,1,4,Snowy
20,37,9,7,1017.33,9,8,Sunny
24,64,8,4,1026,7,7,Sunny
28,25,0,4,1011.8,10,6.5,Sunny
11,53,1.5,37,1002.88,1,5.5,Cloudy
-9,86,7.5,84,984.42,1,2.5,Snowy
43,60,7.5,15,1018.29,10,9.5,Sunny
34,62,11.5,70,865.18,3,6.5,Sunny
24,72,21,73,1011.05,5,9,Cloudy
-5,62,15,81,997.01,0,4,Snowy
21,77,1.5,24,1012.46,1,7.5,Cloudy
42,87,17.5,100,1016.17,8,8,Cloudy
19,93,10.5,62,1005.84,2,1,Rainy
-8,82,15,97,982.82,0,1,Snowy
-9,65,13.5,85,986.87,1,2,Snowy
43,48,1,4,1026.68,10,9,Sunny
24,46,1.5,8,1011.28,7,5.5,Sunny
-10,69,4.5,76,985.12,0,4.5,Snowy
42,36,0,6,1025.66,11,9,Sunny
25,83,15.5,85,1008.85,0,3.5,Rainy
4,94,11.5,60,993.01,1,4,Snowy
23,79,7.5,59,1013.36,0,1,Rainy
16,64,11.5,44,1004.43,1,6,Cloudy
11,80,11.5,82,1009.35,0,3.5,Rainy
29,90,5.5,72,991.74,3,4,Rainy
22,98,16.5,59,1008.4,0,2.5,Rainy
31,57,0.5,31,1014.71,1,5.5,Cloudy
13,78,3,48,1009.76,3,8.5,Cloudy
28,58,6.5,13,1020.6,8,8.5,Sunny
-5,60,16.5,86,991.61,0,3,Snowy
16,85,17.5,66,990.29,3,3.5,Rainy
3,61,18.5,68,980.99,1,3,Snowy
15,65,0,49,1011.26,1,8.5,Cloudy
29,86,12,80,1012.5,0,2.5,Rainy
29,91,13.5,100,1010.07,0,1,Rainy
34,72,0.5,24,1007.94,1,5.5,Cloudy
-2,82,11.5,59,994.22,1,3,Snowy
-6,79,9.5,78,982.01,1,5,Snowy
16,98,17,97,998.88,0,2.5,Rainy
0,84,12,97,998.65,0,1,Snowy
31,63,2,21,1000.26,2,7.5,Cloudy
32,78,6,62,1005.93,0,1,Rainy
31,30,9,0,1014.06,8,9.5,Sunny
21,94,8.5,74,998.83,0,5,Rainy
23,64,3,35,1007.27,1,5.5,Cloudy
13,76,1.5,26,1010.53,3,6.5,Cloudy
13,65,6.5,87,1015.51,3,5,Rainy
24,68,9.5,77,1002,1,3.5,Rainy
-4,97,15,51,994.13,0,2,Snowy
14,56,13,19,1006.87,2,6.5,Cloudy
-6,74,30,81,983,8,4.5,Snowy
11,53,9.5,31,1019.37,3,7.5,Cloudy
33,75,9,32,1005.74,3,7,Cloudy
47,103,6.5,86,1016.83,12,2.5,Sunny
-9,73,14.5,75,990.27,0,2,Snowy
34,56,10.5,14,1019.51,4,9,Cloudy
33,78,25.5,98,1001.14,3,2.5,Rainy
44,105,15.5,92,1027.02,6,11.5,Sunny
28,22,8.5,12,1022.09,10,6.5,Sunny
13,85,10,107,1020.87,2,2.5,Sunny
40,68,8.5,18,1022.23,11,9.5,Sunny
51,85,3.5,91,1002.21,2,1,Cloudy
44,34,7,15,1012.12,10,9.5,Sunny
25,88,13,91,1000,1,1,Rainy
29,30,5,18,1024.95,5,9,Sunny
-2,83,6.5,55,981.21,1,1,Snowy
16,76,12.5,41,837.31,3,15,Rainy
25,68,4,24,1006.03,2,7.5,Cloudy
-1,75,1.5,99,997.3,0,2,Snowy
26,65,2,36,1018.65,3,6,Cloudy
18,99,6,54,1000.26,3,5,Rainy
35,20,9.5,10,1017.75,9,6.5,Sunny
29,58,7.5,13,1009.57,2,8.5,Cloudy
32,38,9,18,1027.24,6,9.5,Sunny
16,66,11,29,1012.36,4,6.5,Cloudy
0,67,13.5,50,985.17,0,5,Snowy
15,74,14,86,1017.49,3,4,Rainy
29,68,17.5,63,1017.96,3,4.5,Rainy
44,48,4,17,1027.7,6,5.5,Sunny
34,59,4.5,31,1016.17,1,6.5,Cloudy
-7,66,17.5,71,994.99,1,5,Snowy
27,75,5,19,1012.9,2,5.5,Cloudy
-10,27,3,92,996.43,10,1,Cloudy
39,29,4.5,1,1020.96,7,8.5,Sunny
30,49,7,13,1029.29,9,8.5,Sunny
21,58,6,26,1017.49,4,7,Cloudy
24,50,5,18,1020.65,8,8.5,Sunny
-13,34,9.5,15,940.59,0,16.5,Snowy
-3,68,10.5,60,980.49,1,4.5,Snowy
39,34,3,14,1022.95,10,6,Sunny
28,59,7,12,1029.83,9,8,Sunny
-9,81,2,57,994.24,1,1,Snowy
42,20,5.5,40,1058.82,4,15,Snowy
26,67,9,27,1010.57,4,6.5,Cloudy
33,65,10,48,1001.11,4,7,Cloudy
12,62,7,82,1173.16,12,0.5,Snowy
-20,99,30.5,92,993.27,10,2,Snowy
27,58,8,38,1004.35,1,6.5,Cloudy
1,69,19.5,90,981.82,1,3.5,Snowy
20,88,17,62,1004.58,2,1,Rainy
11,68,3.5,31,902.53,8,9,Cloudy
-10,92,4,73,980.32,1,3,Snowy
29,86,13.5,72,993.32,1,3.5,Rainy
-4,90,8,92,997.91,1,4,Snowy
34,73,0.5,43,1002.43,1,8,Cloudy
-20,24,8.5,12,870.06,12,15.5,Cloudy
34,68,2,26,1018.39,1,6.5,Cloudy
36,23,0.5,7,1021.68,6,10,Sunny
36,54,6.5,9,1016.25,11,8.5,Sunny
-4,90,9,51,989.63,1,1,Snowy
17,70,0.5,17,1005.14,3,5,Cloudy
-1,44,5,29,875.87,13,16.5,Snowy
2,98,35.5,96,982.31,4,0.5,Snowy
26,99,19.5,89,996.13,3,2.5,Rainy
14,88,18.5,55,1010.7,1,1.5,Rainy
29,50,12.5,34,1013.72,2,8.5,Cloudy
-3,64,17.5,98,992.83,0,1.5,Snowy
21,49,1.5,15,1010.81,5,9.5,Sunny
60,88,21,78,1009.94,10,8.5,Cloudy
16,85,7,96,995.5,1,2,Rainy
4,65,7,77,980.37,0,3.5,Snowy
28,81,15.5,68,995.69,1,3.5,Rainy
-2,67,9.5,86,998.99,1,4.5,Snowy
23,67,2,48,1010.84,1,6.5,Cloudy
34,84,6,53,1000.59,0,2,Rainy
1,87,16.5,97,980.6,1,4,Snowy
-2,77,1.5,74,999.69,0,1.5,Snowy
28,77,15,94,1014.93,7,6.5,Cloudy
28,45,9,16,1016.3,9,5,Sunny
-3,91,19,103,982.83,9,5.5,Snowy
30,78,9,82,1010.4,1,3,Rainy
25,69,6.5,13,1014.51,7,8.5,Sunny
11,85,7,56,1015.69,0,3,Rainy
17,65,13.5,95,1001.51,0,2,Rainy
31,78,10,95,995.76,3,3.5,Rainy
20,78,5.5,63,1006.51,3,4,Rainy
2,84,0,74,994.41,0,3,Snowy
22,87,9.5,52,996.79,2,4,Rainy
-1,66,15,56,988.43,0,1.5,Snowy
26,32,9.5,7,1017,6,6.5,Sunny
6,83,12.5,103,991.4,8,1.5,Snowy
-8,65,9.5,62,989.99,0,4,Snowy
35,58,2,6,1011.89,11,6,Sunny
20,51,12.5,45,1019.45,2,6,Cloudy
14,42,10.5,83,1078.65,7,10,Rainy
-2,88,5.5,77,988.18,0,4,Snowy
30,86,20,80,1015.09,1,4.5,Rainy
30,69,6.5,3,1021.29,9,9,Sunny
24,64,14.5,78,1004.06,3,3.5,Rainy
24,42,2.5,1,1019.33,7,6,Sunny
43,40,3.5,14,1021.29,11,6,Sunny
17,71,18,98,1015.84,3,4,Rainy
19,55,8.5,29,1017.26,3,7,Cloudy
36,54,4.5,3,1018.81,7,7.5,Sunny
29,92,12.5,82,1010.49,2,1.5,Rainy
32,74,9.5,39,1003.85,2,6,Cloudy
20,78,15,44,1004.76,4,6.5,Cloudy
11,81,16.5,81,1016.78,3,3.5,Rainy
31,87,16.5,84,1004.67,2,2.5,Rainy
13,94,9.5,90,1019.97,0,5,Rainy
31,57,1.5,23,1007.31,2,7.5,Cloudy
24,69,8,88,1017.97,3,3,Rainy
25,60,19,61,1019.55,0,1.5,Rainy
27,76,19.5,72,1012.93,0,1.5,Rainy
-6,79,8.5,87,999.56,0,2.5,Snowy
59,78,20.5,95,1018.52,7,1.5,Rainy
20,48,4.5,17,1014.45,6,7.5,Sunny
33,68,10.5,10,1016.84,1,7.5,Cloudy
27,89,11,69,1016.05,1,1.5,Rainy
21,72,10.5,20,1012.04,3,6.5,Cloudy
-5,79,6.5,89,999.7,1,2,Snowy
34,90,15.5,52,1014.19,1,2,Rainy
-7,93,11.5,79,993.93,0,3.5,Snowy
9,48,13.5,60,1074,12,19,Snowy
26,85,7.5,62,992.74,3,1,Rainy
9,93,14.5,82,1000.24,10,8,Cloudy
-8,81,5.5,90,989.1,1,5,Snowy
16,68,11,82,990.52,0,2,Rainy
-7,95,4.5,94,998.01,1,2,Snowy
17,61,15,61,1018.76,1,1,Rainy
26,62,9,13,1012.34,7,5.5,Sunny
20,51,2.5,10,1015.27,5,8,Sunny
-4,94,20,60,997.5,0,2.5,Snowy
25,69,11.5,36,1019.41,3,5.5,Cloudy
-3,42,3,23,1080.12,10,6,Rainy
12,81,13,82,1007.72,2,3,Rainy
20,94,17,67,1019.77,1,4.5,Rainy
32,56,7.5,25,1009.36,3,8,Cloudy
14,77,8.5,18,1017.04,4,6,Cloudy
10,79,5,91,1017.95,3,2,Rainy
31,68,8,16,1022.01,6,7,Sunny
-2,95,13,99,998.75,1,4,Snowy
33,88,7,69,990.78,3,3.5,Rainy
20,48,8,5,1024.72,10,7.5,Sunny
24,78,13,89,1011.2,1,4.5,Rainy
10,68,10.5,23,1013.19,1,8.5,Cloudy
31,78,3.5,40,1008.57,2,8,Cloudy
-10,73,3,96,997.89,0,4,Snowy
13,59,5,15,1005.92,4,7.5,Cloudy
44,51,7.5,17,1026.49,6,6,Sunny
40,69,13,17,995.72,2,18,Rainy
7,98,27,84,1012.19,11,2,Rainy
27,69,13,25,1019.41,4,6.5,Cloudy
16,92,18.5,50,995.44,3,3,Rainy
3,64,3.5,87,986.96,1,2,Snowy
16,69,3,21,1005.7,1,7,Cloudy
47,46,10.5,64,1014.84,4,12.5,Rainy
33,65,7,66,1013.95,3,2,Rainy
-7,99,2.5,96,996.58,1,2.5,Snowy
24,63,9.5,41,1016.23,4,7.5,Cloudy
32,77,12,18,1009.94,1,8.5,Cloudy
-7,63,8,51,989.17,1,2.5,Snowy
20,27,8,15,1015.11,11,9,Sunny
29,94,12,57,1002.82,1,2.5,Rainy
21,69,2.5,7,1026.75,7,5,Sunny
25,64,12.5,43,1014.07,3,8.5,Cloudy
31,78,11,73,1011.63,3,4.5,Rainy
41,37,9,19,1010.06,11,8,Sunny
-7,68,12.5,95,988.38,1,3,Snowy
3,97,3.5,91,999.35,1,4.5,Snowy
16,63,7,56,991.87,1,2,Rainy
23,35,2,2,1015.41,5,6.5,Sunny
41,66,5.5,6,1012.98,9,8,Sunny
22,56,3.5,18,1001.16,3,8.5,Cloudy
57,108,10.5,87,1010.41,3,3,Sunny
43,100,30,85,1011.72,10,1.5,Rainy
37,31,3,15,1018.19,5,8,Sunny
22,92,12,75,1024.34,8,3,Sunny
22,29,2,0,1029.85,5,10,Sunny
-9,83,3,89,983.82,1,3.5,Snowy
4,83,6,67,984.43,0,4.5,Snowy
3,92,3.5,70,991.08,1,4,Snowy
15,96,11,57,1016.98,0,4,Rainy
4,69,11.5,96,980.67,0,2.5,Snowy
26,54,6,28,1004.66,2,5,Cloudy
20,89,11.5,76,1029.28,12,8.5,Sunny
41,66,5,3,1025.46,6,5.5,Sunny
-17,86,4,101,997.72,7,5,Snowy
24,28,1,9,1023.11,6,5,Sunny
19,71,3.5,35,1010.93,3,6,Cloudy
20,48,2.5,16,1029.59,6,9,Sunny
22,60,8.5,39,1004.38,2,6,Cloudy
3,93,5,81,983.51,1,2.5,Snowy
38,77,11.5,33,1129.16,3,1,Sunny
29,61,10.5,39,1014.32,2,8.5,Cloudy
19,69,11.5,47,1014.36,1,5,Cloudy
-2,65,18,62,990.98,1,2,Snowy
33,92,17.5,55,1004.05,1,4,Rainy
26,69,4.5,44,1013.71,3,8,Cloudy
-8,90,7,78,987.97,1,4,Snowy
-7,89,6,76,998.16,0,1.5,Snowy
37,98,14.5,108,1004.23,4,8,Cloudy
22,72,7,47,1007.96,3,6,Cloudy
-7,87,2.5,95,987.33,0,1.5,Snowy
3,54,5.5,91,1061.43,11,17.5,Cloudy
53,92,10.5,89,1001.2,1,2,Rainy
36,43,5,7,1010.69,9,8,Sunny
-3,61,15.5,65,996.99,0,2.5,Snowy
28,64,0.5,12,1005.24,1,8.5,Cloudy
11,93,7,64,1019.45,1,4.5,Rainy
-7,64,10.5,69,908.14,13,4,Rainy
34,74,9,57,1005.97,1,3,Rainy
32,41,6,5,1022.04,8,10,Sunny
17,75,14,30,1011.56,4,5,Cloudy
27,59,2,6,1024.88,10,6,Sunny
27,71,17.5,90,995.1,2,2.5,Rainy
-16,97,16,106,986.93,0,3.5,Snowy
24,86,16,92,1021.94,6,1,Sunny
21,60,10.5,44,1000.43,2,6,Cloudy
15,89,4,96,1019.24,5,10,Cloudy
17,72,12,46,990.66,10,20,Sunny
10,53,3,18,1013.03,4,6,Cloudy
33,45,1.5,2,1010.9,10,8.5,Sunny
32,54,3.5,35,1005.89,4,8.5,Cloudy
31,90,5.5,91,1009.61,3,2,Rainy
7,66,2,83,1127.9,9,5.5,Sunny
21,86,39,103,1002.57,14,1,Rainy
24,52,4.5,13,1014.56,8,9.5,Sunny
10,63,9.5,59,1016.38,1,1.5,Rainy
2,77,4.5,75,986.27,0,3.5,Snowy
10,66,8.5,27,1005.36,4,5.5,Cloudy
4,66,6,87,995.11,0,1.5,Snowy
34,75,15,18,1004.07,4,5.5,Cloudy
24,88,7,64,1000.3,1,3,Rainy
31,50,11,29,1007.61,2,8,Cloudy
16,73,12,79,997.53,2,2.5,Rainy
20,77,14.5,75,1012.25,3,4.5,Rainy
15,74,1,49,1007.03,3,5,Cloudy
-11,75,17,104,985.86,13,2.5,Snowy
31,22,0.5,14,1024.36,10,6,Sunny
-7,94,2,94,982.84,0,3.5,Snowy
29,59,3.5,33,1007.96,3,7,Cloudy
30,84,15,62,991.86,3,1,Rainy
17,68,2.5,39,1011.1,4,8,Cloudy
40,35,6.5,0,1029.38,5,8.5,Sunny
17,76,13.5,97,993.8,0,4,Rainy
24,64,12.5,87,1002.26,2,3,Rainy
55,78,22,72,1015.65,4,4.5,Cloudy
27,29,11,67,989.96,9,17,Cloudy
-7,92,4.5,78,990.01,5,3,Snowy
28,41,2,14,1021.04,6,5,Sunny
30,62,8.5,18,1009.95,3,8,Cloudy
-4,97,13.5,77,987.36,0,3.5,Snowy
10,93,11.5,73,999.81,3,4,Rainy
24,72,18,62,1014.02,0,3.5,Rainy
-6,80,8,62,983.66,0,3.5,Snowy
20,66,7,24,1000.57,4,5.5,Cloudy
21,94,9.5,82,995.72,2,4.5,Rainy
1,78,6,69,987.74,1,4,Snowy
3,86,14,92,996.03,1,1,Snowy
15,89,10,75,1008.06,0,2.5,Rainy
10,24,6.5,91,1056.73,6,15.5,Rainy
32,72,0.5,41,1011.26,3,7,Cloudy
10,80,14,76,1004.96,3,2.5,Rainy
28,70,16.5,79,992.25,0,4.5,Rainy
4,72,6,85,981.3,0,3,Snowy
23,39,4.5,16,1012.06,11,7.5,Sunny
-9,63,9,79,981.1,1,2.5,Snowy
25,83,18.5,98,993.63,3,4,Rainy
-9,93,5.5,83,991.4,1,2,Snowy
-6,82,14,82,991.66,1,3.5,Snowy
-16,57,5.5,97,1047.31,9,11,Rainy
26,65,8,42,1007.73,4,9,Cloudy
17,62,11.5,93,1011.89,2,1.5,Rainy
3,73,9.5,59,983.56,0,2.5,Snowy
31,70,29,96,1014.53,1,6.5,Cloudy
2,33,5,40,976.67,1,4,Snowy
2,65,16.5,51,993.38,0,4,Snowy
21,86,16,66,1014.36,0,4.5,Rainy
11,71,4.5,22,1015.06,1,7,Cloudy
0,80,17,86,981.8,1,1.5,Snowy
26,86,5,63,999.7,3,3.5,Rainy
34,65,1,16,1002.95,2,5,Cloudy
-4,78,12,75,984.5,0,3.5,Snowy
9,74,4,99,986.94,4,2,Snowy
27,30,9,14,1013.51,6,6.5,Sunny
-2,90,16,68,992.52,0,2,Snowy
4,25,2.5,93,972.03,8,16.5,Cloudy
4,73,12.5,84,990.99,0,3,Snowy
43,69,7,7,1029.27,7,8,Sunny
33,71,11.5,42,1006.67,1,8,Cloudy
24,91,21.5,91,1008.4,11,3.5,Rainy
37,32,7.5,17,1019.78,8,5,Sunny
0,91,10.5,80,990.11,0,2.5,Snowy
-14,60,14,68,949.1,5,3.5,Snowy
22,37,0.5,12,1014.29,10,5,Sunny
25,85,9,57,997.46,3,3.5,Rainy
26,78,12.5,91,1002.69,0,3.5,Rainy
24,37,7,1,1016.62,8,5.5,Sunny
40,38,10,17,1014.72,6,9.5,Sunny
30,36,1.5,13,1011.83,9,5.5,Sunny
1,79,17,78,996.33,0,2,Snowy
71,106,9.5,83,1013.56,11,12,Sunny
22,53,13,16,1014.97,2,5.5,Cloudy
28,76,10.5,45,1006.61,4,6,Cloudy
31,60,5,18,1017.88,8,8.5,Sunny
44,90,5.5,87,1028.32,11,1.5,Sunny
-4,67,12,59,994.58,1,1.5,Snowy
26,70,17.5,94,990.94,0,4.5,Rainy
12,68,5.5,93,1018.08,2,2,Rainy
32,42,4,6,1017.12,5,6.5,Sunny
19,80,6.5,92,993.42,3,1.5,Rainy
67,92,2,82,1019.37,0,2.5,Sunny
33,22,9.5,13,1012.67,9,10,Sunny
2,91,9,70,992.12,1,2.5,Snowy
24,76,6.5,19,1017.42,1,5.5,Cloudy
20,72,8.5,59,990.14,2,1,Rainy
33,70,8.5,85,995.35,2,2,Rainy
29,49,8.5,9,1022.98,5,8.5,Sunny
-16,78,1,69,982.27,9,17,Cloudy
30,77,6,85,1000.86,2,3.5,Rainy
4,89,7,61,986.03,1,1.5,Snowy
10,52,5,15,1010.82,4,9,Cloudy
34,68,14,98,1079.72,11,2,Rainy
16,109,19,106,1009.16,10,1.5,Rainy
34,29,2.5,4,1029.35,7,7,Sunny
32,60,7.5,14,1011.97,7,6,Sunny
11,88,15.5,82,992.52,0,3,Rainy
3,80,5.5,95,994.15,0,3,Snowy
28,66,18.5,94,1004.71,2,1.5,Rainy
25,36,8.5,49,1112.3,6,4.5,Rainy
41,23,0.5,14,1016.39,6,7,Sunny
36,60,5,10,1012.8,9,9,Sunny
26,62,18.5,51,1011.16,1,1.5,Rainy
8,50,13.5,38,897.71,11,3,Rainy
-14,78,5.5,16,1076.86,11,9.5,Snowy
20,71,6.5,21,1000.6,4,6.5,Cloudy
9,76,11,75,800.82,3,6,Sunny
25,85,19,92,1014.18,1,4,Rainy
28,75,2,49,1019.47,3,6,Cloudy
34,74,5.5,42,1016.64,2,7,Cloudy
-2,64,14,63,994.6,0,4,Snowy
68,83,15.5,96,1022.32,14,1,Sunny
12,95,15,80,996.32,3,3.5,Rainy
-2,94,4.5,52,997.72,0,1.5,Snowy
24,82,8.5,56,1004.92,1,1.5,Rainy
33,88,8.5,88,1015.85,1,4.5,Rainy
17,63,10.5,18,1010.82,4,9,Cloudy
-13,91,8.5,103,984.65,7,0.5,Snowy
25,62,1,33,1003.39,3,5.5,Cloudy
16,57,1.5,27,1009.43,4,7,Cloudy
23,31,9,3,1026.75,9,9,Sunny
34,62,13,26,1003.67,2,6.5,Cloudy
33,61,8,35,1018.15,1,8,Cloudy
-4,51,9.5,56,1125.65,13,14,Cloudy
22,98,11,96,1008.34,0,4,Rainy
43,21,8.5,9,1025.79,6,10,Sunny
-7,35,10,34,1100.82,12,0.5,Snowy
20,35,9.5,5,1018.59,10,10,Sunny
33,70,12,66,998.66,3,3.5,Rainy
39,30,6,17,1018.41,9,7.5,Sunny
20,54,8,19,1011.1,2,6,Cloudy
44,47,6.5,3,1027.72,10,5.5,Sunny
11,85,16.5,92,998.54,2,5,Rainy
65,81,7.5,77,1010.83,11,7.5,Sunny
23,69,10.5,84,993.73,1,4.5,Rainy
21,70,6.5,26,1014.12,1,7.5,Cloudy
21,97,9,67,1008.74,1,1.5,Rainy
15,65,6,18,1007.69,2,7.5,Cloudy
18,68,4,40,1008.41,1,6,Cloudy
28,107,10,90,1027.99,10,3.5,Sunny
32,75,11.5,84,994.01,2,2.5,Rainy
28,60,0,30,1014.84,1,7.5,Cloudy
31,83,8.5,99,1003.78,2,2.5,Rainy
18,67,0.5,25,1017.63,2,7.5,Cloudy
10,60,10.5,88,999.02,0,4.5,Rainy
11,88,7,74,1017.24,0,2.5,Rainy
-1,83,16.5,68,986.61,1,2.5,Snowy
27,33,7,83,1194.57,1,8,Rainy
48,50,10,93,1123.33,8,16.5,Rainy
26,72,2.5,29,1006.14,2,5,Cloudy
10,90,11,78,992.09,2,4.5,Rainy
27,77,6.5,20,1009.04,1,7.5,Cloudy
35,29,9.5,9,1022.77,5,7,Sunny
0,60,18,74,986.18,0,4,Snowy
46,49,7.5,21,981.14,2,9,Rainy
20,80,6,74,999.38,1,4.5,Rainy
17,90,12.5,107,1015.25,3,8,Cloudy
0,89,9.5,87,996.6,1,2,Snowy
57,71,13.5,81,1018.78,4,9,Cloudy
-10,67,15,58,990.84,1,1,Snowy
48,42,8,83,1069.74,7,0.5,Snowy
29,70,5.5,45,1008.96,2,8,Cloudy
42,58,2,5,1029.39,6,6.5,Sunny
10,85,17,59,1010.03,1,2,Rainy
30,63,6,65,1009.86,0,4,Rainy
30,71,10.5,22,1007.99,3,8.5,Cloudy
3,68,7.5,59,980.85,0,3.5,Snowy
12,77,8,19,1017.4,3,8.5,Cloudy
-4,60,7.5,74,998.95,0,3.5,Snowy
-1,78,11,79,995.07,0,1.5,Snowy
16,52,8.5,24,1006.67,3,7,Cloudy
0,99,14.5,61,987.33,0,3.5,Snowy
30,58,2.5,47,1007.46,3,7.5,Cloudy
40,25,6,6,1011.16,7,5.5,Sunny
41,76,10.5,76,1133.9,7,3.5,Cloudy
18,87,15,81,991.2,3,2.5,Rainy
47,38,0.5,40,910.97,6,19,Cloudy
22,71,15.5,86,1018.42,9,5.5,Cloudy
-5,73,19.5,60,991.6,1,3,Snowy
13,93,11,93,1014.32,2,3,Rainy
2,90,9,96,994.9,6,2,Snowy
15,106,7,80,1009.09,10,4,Cloudy
4,64,19,52,986.96,1,3,Snowy
4,87,11.5,76,993.36,1,2,Snowy
12,64,1.5,21,1008.37,4,5.5,Cloudy
28,67,14.5,83,1016.48,3,1.5,Rainy
-4,94,4,93,999.99,0,2,Snowy
11,67,1,28,1019.25,1,6.5,Cloudy
11,21,5,61,1091.83,2,1.5,Sunny
10,62,8,26,1000.52,1,5.5,Cloudy
10,79,16,83,992.81,1,5,Rainy
4,91,13.5,84,997.14,1,5,Snowy
24,63,1,44,1016.04,4,6,Cloudy
-16,64,0,48,1163.02,1,14,Rainy
-5,69,12.5,83,981.49,1,3,Snowy
34,61,13,25,1000.53,2,8,Cloudy
-5,94,26.5,80,992.67,14,4.5,Snowy
11,94,32,79,1016.52,11,5,Rainy
16,79,12.5,67,1019.59,1,4.5,Rainy
28,56,7,13,1020.37,11,7,Sunny
31,46,3.5,14,1014.89,11,8,Sunny
27,62,9,28,1004.74,3,8,Cloudy
26,35,3,14,1027.91,7,5.5,Sunny
38,68,8.5,18,1015.9,5,5.5,Sunny
15,52,6,43,1019.49,4,7,Cloudy
19,80,26.5,70,1004.28,7,3,Rainy
-3,86,13.5,93,986.03,0,4,Snowy
-1,108,22,106,996.16,12,2.5,Snowy
19,63,8.5,33,1014.27,2,6.5,Cloudy
26,67,4.5,12,1012.11,3,6,Cloudy
20,68,6,30,1003,3,5,Cloudy
14,89,14,91,998.14,0,3,Rainy
39,79,11.5,100,1005.63,9,9,Cloudy
22,79,5.5,62,1003.79,1,3,Rainy
0,81,36.5,78,980.99,6,0.5,Snowy
34,38,6.5,6,1023.54,9,10,Sunny
44,24,5,37,889.89,1,1.5,Rainy
